Class,F1,Precision,Recall,Average Precision
attack,0.05419942076954903,0.03111638954869359,0.20993589743589744,0.16400659864818565
investigation,0.6568246698246384,0.854177545691906,0.5335507874216401,0.6908309517298434
mount,0.7663696626055906,0.7277864992150707,0.8092727717068743,0.8219192953922068
other,0.874424670673558,0.8104984425668545,0.9492984335553275,0.9599144884519552
Macro Average,0.49246458439992596,0.5376934781518901,0.5175864855214706,0.5589189485900786
