Class,F1,Precision,Recall,Average Precision
attack,0.003024054982817869,0.0017418844022169437,0.011458333333333333,0.08636758224827865
investigation,0.7085969830463222,0.8662043080939947,0.5995143437994127,0.7226425128671169
mount,0.7648338788421803,0.6566405023547881,0.9157143482639345,0.8716063354573993
other,0.9174419557274172,0.8953225837400142,0.9406819525831944,0.9737111315960018
Macro Average,0.49215163895710684,0.5081955649503332,0.5088956751322269,0.5602054768575983
