Class,F1,Precision,Recall,Average Precision
attack,0.4774650659319032,0.43188777326782024,0.5337968667488119,0.4768145139149829
investigation,0.7765248709758127,0.910218724211072,0.6770753534810335,0.8614971765890463
mount,0.7425807787124334,0.6893298861016002,0.8047477260676266,0.8405192261157408
other,0.8994264984035685,0.8377107866227037,0.9709588422845662,0.9771254538474232
Macro Average,0.6655235718733831,0.6771454611934974,0.6718733154324906,0.7262769722065899
