Class,F1,Precision,Recall,Average Precision
attack,0.020130330989096067,0.012351543942992874,0.05437434646218194,0.1367875806042167
investigation,0.6832288601765383,0.8715404699738903,0.5618346307595203,0.739586002064468
mount,0.6826073596066682,0.5579591836734694,0.8789692353348502,0.8385983495483809
other,0.9166353098662369,0.8803238949260299,0.956071130869686,0.9725567362302174
Macro Average,0.46198885025743425,0.48061706586345093,0.4983927375188508,0.5716573107390218
