Class,F1,Precision,Recall,Average Precision
attack,0.003062318174858367,0.001583531274742676,0.046296296296296294,0.11444318275487975
investigation,0.7012047721749103,0.8780678851174935,0.5836451791350753,0.7058646610673777
mount,0.7807881773399015,0.7365149136577708,0.8307245555634252,0.8536878726908177
other,0.9082062293550545,0.8643402175929183,0.9567627651440062,0.9699916233319167
Macro Average,0.4950184225632233,0.5387221100166689,0.4868886769982656,0.5579985721710251
