Class,F1,Precision,Recall,Average Precision
attack,0.15629057187017,0.09000925728120772,0.5928705440900562,0.316999330170577
investigation,0.7777407433396487,0.9071087073651474,0.68066693619787,0.8512388024491346
mount,0.5958391504359966,0.4547900216616589,0.863711764315573,0.8010614699407932
other,0.9160277973350023,0.8824933270529125,0.9522115378099439,0.9782071898413549
Macro Average,0.5099568218819385,0.483969328769338,0.712416414867833,0.6564332008535017
