Class,F1,Precision,Recall,Average Precision
attack,0.22314232085679583,0.14391511785231076,0.49643822156718254,0.40442488246985986
investigation,0.7236993657025129,0.9127694836417206,0.5995162048961856,0.8114956207146621
mount,0.7350918910947667,0.696631961428272,0.7780465914855426,0.8098967318430312
other,0.8553575633880212,0.7698822421102214,0.9621828457055396,0.9660797249662707
Macro Average,0.5606445258846918,0.5844388543074345,0.6246670059829702,0.675272411675851
