Class,F1,Precision,Recall,Average Precision
attack,0.36380618797431413,0.3700712589073634,0.3577497129735936,0.3411678445819055
investigation,0.6953079063933205,0.7236455613577023,0.6691059977367031,0.7550162755481937
mount,0.859805181077521,0.8300156985871272,0.8918125695779779,0.9110268306559641
other,0.9228328340943093,0.9133210103167954,0.9325448655991223,0.9777038407573324
Macro Average,0.6396397584817186,0.641244172950731,0.6395560934294249,0.6690703169286878
