Class,F1,Precision,Recall,Average Precision
attack,0.3157008221375577,0.31163895486935866,0.31986997155627794,0.264053822595115
investigation,0.6787612161338096,0.7628753263707572,0.6113537688967934,0.7202570511403046
mount,0.8517924195256588,0.8333124018838305,0.8711106734935014,0.9121147969743952
other,0.8998472659944589,0.8610526585095972,0.9423025772402112,0.9676734521362086
Macro Average,0.6154181525990087,0.6359422277079821,0.6007781379821909,0.6321418902366049
