Class,F1,Precision,Recall,Average Precision
attack,0.12304225352112677,0.08646080760095012,0.21328125,0.20863326876392038
investigation,0.6871802543006732,0.7496409921671018,0.6343275338304336,0.7410684337483392
mount,0.8628201592888775,0.8350392464678179,0.8925131715829391,0.9071833806840239
other,0.911920029571059,0.9073151387618567,0.9165719011682002,0.9726642118068447
Macro Average,0.5576808890368925,0.5570470154119566,0.5800406518044575,0.6189616943987611
