Class,F1,Precision,Recall,Average Precision
attack,0.30954855619323063,0.27117973079968327,0.3605642699231498,0.28252290549063597
investigation,0.6977897187891814,0.7946638381201044,0.6219681972028865,0.7372789377696977
mount,0.8668966827044822,0.8598744113029827,0.8740345950086168,0.9121584850885581
other,0.9049063562804435,0.8662206502203432,0.9472090306968156,0.966642467462557
Macro Average,0.6247449858956314,0.6419059934075902,0.6188556873782177,0.6439867761162973
