Class,F1,Precision,Recall,Average Precision
attack,0.05740119186245633,0.029836929431033256,0.7535971223021583,0.3725430684374941
investigation,0.7666796987880128,0.922836117116687,0.6557225310272303,0.8496056622555737
mount,0.6720244225393557,0.6383551114527287,0.7094431932903627,0.7723035135249959
other,0.8964040389064017,0.8353587690375255,0.9670746736368362,0.9759092227691522
Macro Average,0.4987017710632749,0.530342719333483,0.7062542822065838,0.6648174147393545
