Class,F1,Precision,Recall,Average Precision
attack,0.2715165552455651,0.20419635787806809,0.4050573268415266,0.33545001617824416
investigation,0.6938170734288678,0.8023335509138381,0.6111573792091884,0.7301601936937245
mount,0.8672608399689722,0.8600313971742544,0.874612854816565,0.9087090640838891
other,0.8978785891002568,0.8623446564372838,0.936466812991415,0.9695520509388871
Macro Average,0.6108648228811351,0.6221871019887202,0.6302758536224267,0.6581064246519526
