Class,F1,Precision,Recall,Average Precision
attack,0.24738619913141385,0.16428113650929288,0.5006510416666666,0.3449749523317621
investigation,0.7652307239685882,0.9224541852233279,0.6537972572544508,0.8535950519180576
mount,0.5746049503565935,0.43068269163580464,0.8629935592271073,0.8088069858695994
other,0.9038627767423966,0.8520960904380593,0.9623261801661861,0.9779579152196168
Macro Average,0.5290739578188651,0.5058060044561418,0.6724806193827416,0.6691256633731397
