Class,F1,Precision,Recall,Average Precision
attack,0.1297655695003552,0.08677751385589866,0.2571562646644768,0.23575496820397898
investigation,0.7108042575925697,0.8467362924281985,0.6124790481361694,0.7462287762858677
mount,0.83370172929398,0.8052747252747253,0.8642091785160725,0.8735238989305336
other,0.9141683011114224,0.8764606932016604,0.9552663315882299,0.9740457547093708
Macro Average,0.558090518795635,0.5795961771862741,0.5779481637722396,0.6185025478067935
