Class,F1,Precision,Recall,Average Precision
attack,0.6357073170731709,0.6448931116389549,0.626779530588688,0.4213230770738414
investigation,0.7896294051502077,0.8091494508368201,0.7710289834758367,0.6684436592622134
mount,0.8973665611652275,0.9169492589801558,0.8786028040194958,0.8157289934543501
other,0.9410836299394664,0.9266983895519142,0.9559225196933511,0.929593463102431
