Class,F1,Precision,Recall
attack,0.0,0.0,0.0
investigation,0.09842282421765908,0.05472018828451883,0.4888304862023653
mount,0.032377779725899294,0.01739512685254961,0.2334597555836494
other,0.754524123771814,0.9872021182700794,0.6106073912321094
