Class,F1,Precision,Recall,Average Precision
attack,0.6364399664147774,0.6818590704647676,0.5966937811598005,0.41468093725674793
investigation,0.8398428412645075,0.8743070878854744,0.8079926390132299,0.7408602832296884
mount,0.901749663526245,0.938375350140056,0.8678756476683938,0.8179603317399889
other,0.9376752261076636,0.9153202258127312,0.9611495220345098,0.9342628404729544
