Class,F1,Precision,Recall,Average Precision
attack,0.626265119723525,0.529424040066778,0.766465256797583,0.7481304644530667
investigation,0.787123648056124,0.8930807180465155,0.7036420055528336,0.8892809709736844
mount,0.8380709319721905,0.8084727056626199,0.8699186991869918,0.9027638620333645
other,0.9427944010869221,0.912659815256622,0.9749869298130963,0.9890188608925109
Macro Average,0.7504865665839465,0.7436591545919712,0.7800086538458029,0.8467250991533719
