Class,F1,Precision,Recall,Average Precision
attack,0.8430877660840993,0.9571799307958477,0.7532975916943239,0.7220275496289533
investigation,0.9007182385493936,0.9369779120565059,0.8671604005290006,0.8317313321337348
mount,0.9062234554618042,0.9503533463982422,0.8660100654797338,0.8250975688436403
other,0.9539377801266351,0.9275369193308668,0.981885589230943,0.9563898205763798
