Class,F1,Precision,Recall
attack,0.6050271938850507,0.47495961227786754,0.8331983805668016
investigation,0.7250223513634332,0.7386428327450757,0.711895094919346
mount,0.8931162733979635,0.8980993255671367,0.8881882124666505
other,0.928827248474217,0.9383607162636145,0.9194855468326038
