Class,F1,Precision,Recall
attack,0.5904141461144717,0.5022961203483769,0.7160270880361174
investigation,0.8049644316633872,0.8692468619246861,0.7495349230509047
mount,0.8871323882364236,0.8704471238382316,0.9044698205546493
other,0.9426314695489504,0.9281502232114305,0.957571758495546
