Class,F1,Precision,Recall
attack,0.8734844979176306,0.9720877536306519,0.793042601462062
investigation,0.8974563091052489,0.9435966985701554,0.8556179419970064
mount,0.8985285598424285,0.947651400361699,0.8542474444836095
other,0.9503907038153613,0.9185476328414611,0.9845208526112437
