Class,F1,Precision,Recall,Average Precision
attack,0.50563938816501,0.38867775138558985,0.7232945336673051,0.31059615903202387
investigation,0.7978258788177849,0.8852641213389121,0.7261076479656814,0.66958930593521
mount,0.887486453751514,0.8742778196433058,0.9011003236245955,0.8030935357445244
other,0.9433757612189958,0.9234045819102805,0.9642299010244835,0.936081441009766
