Class,Mean F1,Mean Precision,Mean Recall,Mean Average Precision,Std F1,Std Precision,Std Recall,Std Average Precision
attack,0.5784849571424308,0.5196357878068092,0.6778906129428076,0.37130612693277826,0.06642650094880667,0.12820277415273754,0.04850994975483214,0.05613259361874032
investigation,0.793472909303299,0.8542211471408647,0.7422760411444987,0.6674509348285919,0.0041219184079342615,0.039949525020405205,0.024965170819226074,0.0027714519725982717
mount,0.8895417867716704,0.8899459934689777,0.889565972441706,0.8048859557247354,0.007026305640054503,0.023485658632636727,0.011259630740172416,0.010067222015956645
other,0.9409708464878582,0.9211937867488733,0.961661449649856,0.9328861513812332,0.0024632437060103864,0.0068817015706421295,0.004979166293047454,0.003245085392454681
