Class,F1,Precision,Recall,Average Precision
attack,0.5045063604058301,0.3878068091844814,0.7216737881243553,0.641804760283256
investigation,0.7997881823397026,0.8872715404699739,0.7280079265190263,0.8799239751651802
mount,0.8878087649402391,0.8745682888540032,0.9014563106796116,0.9432584532316624
other,0.9444885504163931,0.924514061670515,0.9653452121762592,0.9880258859546273
Macro Average,0.7307011025619238,0.7165488795028194,0.7837126751076644,0.8216623962266995
