Class,F1,Precision,Recall,Average Precision
attack,0.626265119723525,0.529424040066778,0.766465256797583,0.4270619293221814
investigation,0.787123648056124,0.8930807180465155,0.7036420055528336,0.6527429692817908
mount,0.8380709319721905,0.8084727056626199,0.8699186991869918,0.724591756322272
other,0.9427075092560363,0.9125313974146909,0.9749476371252782,0.9435558218618396
