Class,F1,Precision,Recall
attack,0.6297904956566173,0.5688899146088161,0.7052932761087267
investigation,0.7238188815196921,0.7548673573949676,0.6952236145336339
mount,0.8684308148880919,0.8611894543225015,0.875794986906098
other,0.9263776934707394,0.9218201956802659,0.9309804798926115
