Class,F1,Precision,Recall,Average Precision
attack,0.8455119896305897,0.974964969640355,0.7464063505685475,0.7284407850247023
investigation,0.9004867884535934,0.9167733440620314,0.8847687963289799,0.8356107183560094
mount,0.9010533035429301,0.9517410778789193,0.8554915797220659,0.8169011856020512
other,0.9580458220428515,0.9382012744147389,0.9787480016979923,0.9566554796667924
