Class,F1,Precision,Recall,Average Precision
attack,0.8976214073339942,0.9328458131630446,0.8649603667271512,0.8084149499706006
investigation,0.9017052666433658,0.949695818963847,0.8583315822651818,0.830488338155093
mount,0.9068428906416541,0.9356762305098001,0.879733455882353,0.8262546194445297
other,0.9529965572964239,0.9244925083209324,0.9833142028635292,0.956175492766159
