Class,F1,Precision,Recall,Average Precision
attack,0.6364399664147774,0.6818590704647676,0.5966937811598005,0.6237209467375834
investigation,0.8400025808116653,0.8743351421049804,0.8082644217636396,0.9129786459063972
mount,0.9014187866927592,0.938375350140056,0.8672628853847965,0.9602166870586372
other,0.9376777348445314,0.9153349512340309,0.9611385573305447,0.9881080377034912
Macro Average,0.7926204446397339,0.8315231875699348,0.7574070294360787,0.8323054265675393
