Class,F1,Precision,Recall
attack,0.6192650079890436,0.6261250865451189,0.612553623842854
investigation,0.7515775220040624,0.7899351019014005,0.7167725605661449
mount,0.8523506988564168,0.8225628448804414,0.884377059986816
other,0.9288270526345297,0.9175189219124977,0.9404173998599837
