Class,F1,Precision,Recall,Average Precision
attack,0.6336,0.6427553444180523,0.6247018083878415,0.6345710516378845
investigation,0.7912565695174391,0.8107539164490861,0.7726749611197512,0.8678519931433073
mount,0.8975848082595871,0.9171428571428571,0.8788434923882303,0.9396475804585366
other,0.9415986567983347,0.9272259781127876,0.9564239249475504,0.986723492150821
Macro Average,0.7741471259256754,0.7902173726699986,0.7587400872986078,0.8140235417465762
