Class,F1,Precision,Recall
attack,0.6298861949529937,0.5875836602815602,0.678752332711277
investigation,0.750813911425766,0.827109188204486,0.6874053747161242
mount,0.8679267926792679,0.886817903126916,0.8498237367802585
other,0.9255502538167758,0.896990954402806,0.9559879591555669
