Class,F1,Precision,Recall
attack,0.8912210082422849,0.9577711401792152,0.8333183977058877
investigation,0.9055086568847084,0.9461022151261025,0.8682552101856462
mount,0.9076310996069409,0.92528342455043,0.8906396989651929
other,0.9556366011648795,0.930643958182665,0.9820086540651333
