Class,F1,Precision,Recall
attack,0.8427404282586639,0.8127510557214955,0.8750277223331115
investigation,0.88273672670798,0.8986011547254621,0.867422740568402
mount,0.8689855072463768,0.879221858350848,0.8589847667255623
other,0.9492913698528135,0.9413312734529125,0.9573872388933391
