Class,F1,Precision,Recall,Average Precision
attack,0.5950238221281101,0.5188091391645511,0.6974868135277692,0.6816493162190378
investigation,0.7467678618162784,0.8121940111579187,0.6910966866886262,0.7884058537389675
mount,0.8848440723213201,0.8941753525444512,0.8757055362075177,0.9426062770794781
other,0.9308031939877877,0.9124597108389354,0.9498993385102099,0.9845037730432779
Macro Average,0.7422119187552362,0.741726167622307,0.7547630121413045,0.8042204823458278
