Class,F1,Precision,Recall,Average Precision
attack,0.5001731901627988,0.4001583531274743,0.6668425913708933,0.5915542641820037
investigation,0.7948342187213775,0.8496736292428199,0.7466444877824939,0.8818356064477553
mount,0.891616373244942,0.8952276295133438,0.8880341347950667,0.946297731328253
other,0.944280670871207,0.9332190576090363,0.9556076602656467,0.9877669548472852
Macro Average,0.7288745940430394,0.7150198706278793,0.767173737982818,0.806562533986004
