Class,F1,Precision,Recall,Average Precision
attack,0.5431207380665865,0.39753376394597767,0.8569620253164557,0.5197766377939417
investigation,0.8564000701057428,0.899932469764872,0.8168849261632767,0.9124650684586507
mount,0.6605795950774116,0.6697075395760665,0.6516971279373368,0.7615111041371274
other,0.9403121971479995,0.920386211569408,0.961120053773902,0.9876458837624229
Macro Average,0.6867001344165803,0.6557245910956387,0.7751813598056897,0.7312509367965733
