Class,F1,Precision,Recall,Average Precision
attack,0.5913323782234958,0.5228820269200317,0.6804038738924376,0.649305413323006
investigation,0.7957189598503425,0.8711161879895561,0.7323336945934452,0.8731870377834208
mount,0.8845971638821337,0.879403453689168,0.889852586097344,0.9350900979208636
other,0.9397691693579386,0.9147793050074514,0.9661627215737137,0.9873839482362238
Macro Average,0.7572161673186573,0.7578005561995852,0.7675300515277422,0.8191941830090967
