Class,F1,Precision,Recall,Average Precision
attack,0.5941081661891118,0.5253365003958829,0.6835977745724294,0.38199914469246954
investigation,0.7929634439419043,0.8682498692468619,0.7296914919919782,0.6643198392883521
mount,0.8837723453982693,0.8786109017834715,0.8889947896810269,0.795835337975332
other,0.9384531483051126,0.9134783887844251,0.9648319282317337,0.9329835500315028
