Class,F1,Precision,Recall,Average Precision
attack,0.5162081176791065,0.5827183271832719,0.4633251833740831,0.45088708375324693
investigation,0.8415127485061794,0.8815250635011145,0.8049750301768005,0.9150520769002279
mount,0.8215711252653927,0.8435647017788629,0.8006952491309386,0.8551032862831566
other,0.9289055316427021,0.9000361532899493,0.9596883002450642,0.98486773546957
Macro Average,0.7264306638168928,0.7692693641544164,0.6896651542272741,0.7403474823122105
