Class,F1,Precision,Recall,Average Precision
attack,0.6783900261659227,0.6979414093428346,0.6599041772720468,0.7140369968901241
investigation,0.8092720874820508,0.8369125326370758,0.7833990162832616,0.8815410296989366
mount,0.9003948285205544,0.9129042386185243,0.8882236138689477,0.942172936026185
other,0.9451766890956191,0.9276481160495564,0.9633804500890082,0.9886520808746169
Macro Average,0.7960189807228426,0.8159193935328116,0.777175602474752,0.8459169875384153
