Class,F1,Precision,Recall,Average Precision
attack,0.5950238221281101,0.5188091391645511,0.6974868135277692,0.3866179474387063
investigation,0.7467678618162784,0.8121940111579187,0.6910966866886262,0.6004739479623182
mount,0.8848440723213201,0.8941753525444512,0.8757055362075177,0.7932807921257948
other,0.9306403013182674,0.9122577072180174,0.9497789736690371,0.9228760346278784
