Class,F1,Precision,Recall,Average Precision
attack,0.37280155103171303,0.2808848080133556,0.5541375051461507,0.4466295919555344
investigation,0.7157707157707157,0.8992164503959206,0.594490886665753,0.7397289026301318
mount,0.6757020280811231,0.5883351727650904,0.7935417382342838,0.7334755987169839
other,0.924027426688526,0.8748853000550559,0.9790187051837147,0.9829708887048347
Macro Average,0.5880914316278506,0.5894788103914556,0.6473900433487292,0.63994469776755
