Class,F1,Precision,Recall,Average Precision
attack,0.7916925280496538,0.8965181660899654,0.7088142258698812,0.6378481778192399
investigation,0.8609233619381488,0.9334830359694607,0.7988302540738463,0.7659815883425353
mount,0.851293472674319,0.8852663459825405,0.8198317109387889,0.7305809468122006
other,0.9306961946454233,0.885747715270531,0.980450496175858,0.9404153699647467
