Class,F1,Precision,Recall,Average Precision
attack,0.516301292861158,0.43634204275534444,0.6321403991741225,0.302999529566473
investigation,0.7403776550640111,0.8776314069037657,0.6402484827528646,0.590476767551078
mount,0.8246930746259225,0.8194235116804823,0.8300308514360231,0.7020958363667685
other,0.912951600519124,0.8593320286017627,0.9737078586543757,0.9206797881337101
