Class,F1,Precision,Recall,Average Precision
attack,0.5445790164891289,0.4306485114239557,0.7404761904761905,0.6219906348653873
investigation,0.674420781652235,0.8202778094045314,0.5726037195994278,0.6892437453767672
mount,0.6869650624386138,0.6003678724708768,0.8027545499262174,0.7916626667368429
other,0.9153069301265485,0.8838751266230777,0.9490566784005062,0.9764610389306275
Macro Average,0.6353216201933258,0.6170980644331213,0.7052781533339453,0.7009656823263324
