Class,F1,Precision,Recall,Average Precision
attack,0.44505494505494503,0.34631828978622325,0.6225448334756618,0.24710818818034885
investigation,0.7515644295208892,0.8852968096234309,0.6529328093734179,0.6048239568765162
mount,0.8000656437187166,0.7653855815121828,0.838037611304019,0.6699392469093766
other,0.928690039057932,0.8888675697455773,0.9722480674385253,0.9305163377146294
