Class,F1,Precision,Recall,Average Precision
attack,0.47931688804554085,0.4,0.5978698224852071,0.5322019750826062
investigation,0.7479827099334624,0.8796181462140992,0.6506173882605705,0.7948699230627706
mount,0.7894315985873258,0.7439246467817896,0.8408687628646462,0.8331075204980751
other,0.9257835887041478,0.8851720851695267,0.9703007782373975,0.9804258888818923
Macro Average,0.6722437321887763,0.6745142643319629,0.6964519912034746,0.720059806214484
