Class,F1,Precision,Recall,Average Precision
attack,0.37280155103171303,0.2808848080133556,0.5541375051461507,0.18816314853341598
investigation,0.7157707157707157,0.8992164503959206,0.594490886665753,0.5575134094172101
mount,0.6757020280811231,0.5883351727650904,0.7935417382342838,0.5126207046700393
other,0.923909438723924,0.8747013416651351,0.9789841781373743,0.9335096708248313
