Class,F1,Precision,Recall,Average Precision
attack,0.4232378001549187,0.4200492004920049,0.4264751795192008,0.3430255281959499
investigation,0.785568848435488,0.924990928412213,0.6826711555751095,0.8507113086625808
mount,0.7080381600075565,0.65364492500872,0.7723057902328456,0.7258266634352714
other,0.8884339095623052,0.8152179526908377,0.9760988204010327,0.9758812538751914
Macro Average,0.6389482695326544,0.6662283513043127,0.6271507084423853,0.639854500097934
