Class,F1,Precision,Recall,Average Precision
attack,0.3871966959215281,0.3373313343328336,0.4543618739903069,0.37176201589216584
investigation,0.7703848435155788,0.8897007467898781,0.6792870767274443,0.8166495116721383
mount,0.7995661082318909,0.8446651387827858,0.7590389016018306,0.8027360683764727
other,0.9003518148497738,0.840789413434681,0.9689965434444181,0.9777033471550611
Macro Average,0.6523825492229993,0.6905657399684991,0.6308959507731939,0.6637158653135923
