Class,F1,Precision,Recall,Average Precision
attack,0.43894993894993894,0.34156769596199527,0.61400512382579,0.5033954436890627
investigation,0.7484982228103847,0.8814458224543081,0.6503991619405411,0.8038325723007793
mount,0.7972496184584078,0.762668759811617,0.8351153436242995,0.8266620269008965
other,0.9272616708766022,0.8875194279391354,0.9707300010493547,0.981576094134665
Macro Average,0.6615659267395771,0.6618940927426401,0.6998398764635435,0.7112966809635796
