Class,F1,Precision,Recall,Average Precision
attack,0.39620493358633774,0.30651790957134467,0.5600858369098712,0.3596982912333242
investigation,0.8082130514332181,0.9152495549143593,0.7235906520736768,0.8304056455789173
mount,0.5434938892882819,0.507110276361685,0.5855018587360595,0.5858268380554814
other,0.9053300936672959,0.8489031930210892,0.96979255360322,0.9778048154806429
Macro Average,0.5826372914359459,0.576292580282463,0.6230594492398692,0.5919769249559076
