Class,F1,Precision,Recall,Average Precision
attack,0.3871966959215281,0.3373313343328336,0.4543618739903069,0.16955882269481515
investigation,0.7700944593917793,0.889591518217534,0.6788992709723791,0.6341833044075109
mount,0.7995661082318909,0.8446651387827858,0.7590389016018306,0.6501254444460624
other,0.9003421255932016,0.8407516403485669,0.9690242711399121,0.9172072714418518
