Class,F1,Precision,Recall,Average Precision
attack,0.8058504173081599,0.9290051377860813,0.7115260785576304,0.6630552724939162
investigation,0.8507946122847312,0.9246918547236751,0.7878344058210374,0.7506533694656212
mount,0.8421376596539822,0.9225063815440928,0.7746501658173582,0.7189468513790676
other,0.9269613546191567,0.874329027566145,0.986336222683433,0.9404562931859431
