Class,F1,Precision,Recall,Average Precision
attack,0.5106801573917931,0.4315914489311164,0.625258086717137,0.528373352157971
investigation,0.7374414761773616,0.8739066579634465,0.6378394473558837,0.7842445151537665
mount,0.8218230080106176,0.8165463108320251,0.8271683470627524,0.8720076210046869
other,0.9113493128577982,0.857841851778416,0.9719758239846943,0.978241784210658
Macro Average,0.6899815471932574,0.707348139242196,0.6967552937119242,0.7282084961054748
