Class,F1,Precision,Recall,Average Precision
attack,0.5445790164891289,0.4306485114239557,0.7404761904761905,0.348175907623301
investigation,0.6763994836286821,0.8202778094045314,0.5754622788450018,0.5095223151454922
mount,0.6869650624386138,0.6003678724708768,0.8027545499262174,0.5206424751460969
other,0.9163993278337916,0.8859147129407421,0.9490566784005062,0.9141590346880981
