Class,F1,Precision,Recall,Average Precision
attack,0.5272082200617426,0.45296912114014254,0.6305521878099857,0.5465949077088961
investigation,0.7498682714440222,0.8824902088772846,0.6518998023048364,0.8085066222537167
mount,0.8388629345157969,0.8315541601255887,0.8463013260904297,0.8634355803653057
other,0.914119201707722,0.8627731904033976,0.9719634249151553,0.9802560930811609
Macro Average,0.7053131420071872,0.7223378300476719,0.7095844387350839,0.7395123701093061
