Class,Mean F1,Mean Precision,Mean Recall,Mean Average Precision,Std F1,Std Precision,Std Recall,Std Average Precision
attack,0.4818689040998015,0.3955925046186329,0.6195696337629458,0.27430916563368846,0.03568283097923154,0.0456132832542887,0.014292532805396392,0.027975421615213138
investigation,0.7476417064727916,0.8821042538354255,0.6487594245623258,0.5998225552555294,0.0062975659661248075,0.003989856986541252,0.007371148892119607,0.008100353585902362
mount,0.8056606960725646,0.7771288620949509,0.8372942619903104,0.6776037759110399,0.016942517221957335,0.037816188136507715,0.0069217374864705495,0.02169990604843655
other,0.9229628608524273,0.8782506363764279,0.9726043930417406,0.9268321917040492,0.00869997883148316,0.01642484082467425,0.0009754031185744506,0.005362709058904041
