Class,F1,Precision,Recall,Average Precision
attack,0.5951594250784735,0.5704671417260491,0.6220859955102745,0.5903347110206784
investigation,0.7573426263640526,0.8369451697127938,0.6915671098406192,0.7988336643856003
mount,0.8277964964705523,0.852370486656201,0.8045997451172164,0.8601998426209553
other,0.9259354648809743,0.8852936097270814,0.9704884239458148,0.9809596545643217
Macro Average,0.7267661826376929,0.7532609326983479,0.70608428348937,0.7497894060090781
