Class,F1,Precision,Recall,Average Precision
attack,0.8083916083916084,0.8333676622039135,0.7848690591658584,0.8738199884117457
investigation,0.8609267334525689,0.9492394833290716,0.787647716897913,0.9370135270958093
mount,0.8475587746949971,0.8604582987247764,0.835040303461356,0.9181979991335765
other,0.9305367451708916,0.8817474588783101,0.9850415512465374,0.9900163822472832
Macro Average,0.8389590388463914,0.8810218147525871,0.8025190265083758,0.9096771715470439
