Class,F1,Precision,Recall,Average Precision
attack,0.4842504743833017,0.40411718131433094,0.6040236686390532,0.27281977915424344
investigation,0.7509830348334746,0.8833845449790795,0.6530969815606951,0.6041669413389938
mount,0.792223369873055,0.7465774930921879,0.8438143232308893,0.660776244456975
other,0.9272469429802263,0.8865523107819435,0.9718572530323214,0.929300449263808
