Class,F1,Precision,Recall,Average Precision
attack,0.38930307941653164,0.2852731591448931,0.6127551020408163,0.4838083450353091
investigation,0.7492309788259252,0.8525620104438643,0.6682398986992057,0.7709130595593767
mount,0.8324025107497652,0.7931868131868132,0.8756975978370134,0.9059115189713391
other,0.9344640016757108,0.9130907532603759,0.956861825128188,0.9840767532371015
Macro Average,0.6569788563307407,0.6436739942585236,0.7188975328590118,0.7202109745220083
