Class,F1,Precision,Recall,Average Precision
attack,0.3815668202764977,0.27862232779097384,0.605159071367154,0.4994575010798993
investigation,0.7533540623020671,0.8540143603133159,0.6739208818378489,0.7809046803753666
mount,0.8534262178714693,0.811585557299843,0.8998155045775751,0.9201932967511873
other,0.9342314926074917,0.9149967700051808,0.9542922706441908,0.9842776602072971
Macro Average,0.662782366816678,0.6480740818013776,0.726298485927526,0.7335184927354844
