Class,F1,Precision,Recall,Average Precision
attack,0.37493965563482273,0.27672209026128264,0.5812406452685848,0.46850475077008424
investigation,0.749509680663817,0.8512402088772846,0.6694988128088302,0.7823655935012097
mount,0.840405382953979,0.7940973312401883,0.8924488355681016,0.9166291022759752
other,0.9359474306467311,0.9164678567545268,0.9562730664246291,0.9851254393365456
Macro Average,0.6549515730842063,0.6406865434595851,0.7143960978818389,0.7224998155157564
