Class,F1,Precision,Recall,Average Precision
attack,0.39001033788563033,0.2837688044338876,0.6234127674378153,0.507210608727332
investigation,0.7469440274501394,0.8525620104438643,0.6646101004961201,0.7689858679148913
mount,0.8192301881724942,0.7661538461538462,0.8802077697218915,0.902145591496625
other,0.9359406212055933,0.9170179152781953,0.9556607232127978,0.9849864297948931
Macro Average,0.652061517836088,0.6341615536771993,0.7227435458852757,0.7261140227129493
