Class,F1,Precision,Recall,Average Precision
attack,0.3920241180515154,0.2934283452098179,0.5904094312569699,0.4830633020719038
investigation,0.7556154146934874,0.8514360313315927,0.6791804431022364,0.7823110271777184
mount,0.8497827537387512,0.8197802197802198,0.8820647951082734,0.9113216141304343
other,0.9347383844528607,0.9139925933980185,0.9564478237298119,0.9840611636482283
Macro Average,0.665807428827918,0.6548815321072101,0.7172182231558265,0.7255653144600188
