Class,F1,Precision,Recall,Average Precision
attack,0.20458553791887124,0.17401338564504962,0.24818959842001317,0.22199262320627516
investigation,0.6227809317833648,0.7868609814414209,0.515323242114682,0.6163957207769526
mount,0.3635300993571011,0.2288166768853464,0.8839412600663192,0.6585413204995265
other,0.9149269262137559,0.8987752095036375,0.9316697850242468,0.9752669981196369
Macro Average,0.39696552301977905,0.396563681323939,0.5491513668670048,0.4989765548275848
