Class,Mean F1,Mean Precision,Mean Recall,Mean Average Precision,Std F1,Std Precision,Std Recall,Std Average Precision
attack,0.004181600955794504,0.0025864344154130376,0.010910710309507908,0.048163148355388256,0.00724274531241466,0.004479835817940089,0.018897904602733245,6.93076843562025e-05
investigation,0.6539607598913318,0.86969904986053,0.5257913162168671,0.4884220664245775,0.05835480997750445,0.03017236823254153,0.06879740183975305,0.06364147196649582
mount,0.5757291584096732,0.42544796114879,0.9001602756789144,0.4523389508598428,0.0545622114552599,0.06013457285207233,0.02125021527789272,0.04265466232106527
other,0.8865844460088819,0.851045277596565,0.9262193976371934,0.877689935373553,0.03883436460135908,0.05864526564543916,0.019183175440072687,0.0325410087116083
