Class,F1,Precision,Recall,Average Precision
attack,0.0,0.0,0.0,0.030036988493222467
investigation,0.7704160587168944,0.9032450365455393,0.6716455305862853,0.8205561560005725
mount,0.5583577712609971,0.4980816184164632,0.6352313167259787,0.612581154120311
other,0.8868071818891491,0.8287367007540544,0.9536290023029492,0.9660066140652945
Macro Average,0.4429246099926305,0.46710888498733416,0.4356256157707546,0.48772476620470195
