Class,F1,Precision,Recall
attack,0.08744817188088955,0.047790709650839425,0.5138427464008859
investigation,0.7846075270741093,0.9346700562694734,0.6760644709180098
mount,0.6344945745288406,0.5429046129788898,0.7632591371255839
other,0.9012101798554593,0.8421096474454849,0.96923237834587
