Class,F1,Precision,Recall,Average Precision
attack,0.4220005182689816,0.33546194252755174,0.5687096210930679,0.2060227233097502
investigation,0.8041189790248598,0.9095826713682335,0.7205707199076632,0.6829809135316893
mount,0.6415187834866363,0.5062319761474168,0.8754860524091294,0.46706413116501355
other,0.9146227438603413,0.8778498483488771,0.9546111497712646,0.9142143360645972
