Class,F1,Precision,Recall,Average Precision
attack,0.0,0.0,0.0,0.11826376870396711
investigation,0.6583952451708767,0.9184942581153351,0.5130966442020427,0.6182720203296328
mount,0.4669403762485446,0.32345699974530945,0.8392070484581498,0.6465113556914033
other,0.9036355849340196,0.8550804428947207,0.9580370452870924,0.9724253762677639
Macro Average,0.37511187380647376,0.41398375262021486,0.45076789755339747,0.46101571490833443
