Class,F1,Precision,Recall,Average Precision
attack,0.0,0.0,0.0,0.043467294161840156
investigation,0.6553605632344567,0.8501853543222478,0.5331794673090854,0.640771565775331
mount,0.3410093091621754,0.2215431627196333,0.7401105912377711,0.5006786337678013
other,0.8340757169319216,0.7706053390723019,0.9089399278972738,0.9369540563288519
Macro Average,0.33212329079887737,0.35724283901396037,0.4244300195156188,0.3949724979016575
