Class,F1,Precision,Recall,Average Precision
attack,0.008133561643835616,0.004107664036320398,0.40860215053763443,0.44210837731719543
investigation,0.777459019172991,0.935772477184046,0.6649612511021393,0.8637237755775763
mount,0.6167750718499471,0.48417740307546164,0.849390688469951,0.7762456499698083
other,0.8929615728026338,0.8338747026420403,0.9610606088207968,0.9742560409236449
Macro Average,0.46745588422225787,0.4746858480986093,0.6409846967032417,0.6940259342881934
