Class,F1,Precision,Recall,Average Precision
attack,0.4219731813176135,0.335427394438723,0.5687096210930679,0.4929803687444531
investigation,0.804093487135929,0.9095825875388395,0.720529833843812,0.8864055328161735
mount,0.6414440075544134,0.5061318219572971,0.8755070993914807,0.8161859993611604
other,0.9146186098062185,0.8778406617326948,0.954613006409755,0.9785526054103956
Macro Average,0.6225035586693187,0.5837139346449532,0.7215821847761202,0.7318573003072624
