Class,F1,Precision,Recall,Average Precision
attack,0.0,0.0,0.0,0.06364416932098116
investigation,0.7026346828808353,0.8957649661325265,0.5780129294073235,0.7458118362912297
mount,0.40942248158559585,0.2770127118644068,0.7843217450579414,0.6216481036396662
other,0.8573359299842793,0.7905614165664189,0.9364312953622832,0.9563888951132925
Macro Average,0.3706857214888104,0.3909258926656444,0.4541115581550883,0.477034703083959
