Class,F1,Precision,Recall,Average Precision
attack,0.0,0.0,0.0,0.05738147243231735
investigation,0.5896440314510364,0.8413348563968669,0.4538668075179365,0.6056643535234814
mount,0.5130852286815589,0.357331240188383,0.9095340845520659,0.7186426613641557
other,0.8430079426433063,0.7881507160354851,0.9060728387708733,0.9342582648869929
Macro Average,0.36757642004419844,0.3995553655284166,0.4544669640233341,0.4605628291066515
