Class,F1,Precision,Recall,Average Precision
attack,0.008136173857188737,0.004108996539792387,0.40860215053763443,0.024615867041391137
investigation,0.7774728722664506,0.9358020658963786,0.6649665784709651,0.6418569114012737
mount,0.6167637491489524,0.4841736445157076,0.8493593082612773,0.4328693251600398
other,0.8929656877269918,0.8338709167378174,0.9610751708428246,0.9060807083582214
