Class,F1,Precision,Recall
attack,0.037617554858934164,0.01938610662358643,0.631578947368421
investigation,0.6297606487515256,0.8665034726175567,0.49462190881617
mount,0.5245790100357204,0.3781729000613121,0.8559533721898418
other,0.9100255089762719,0.8726047627838287,0.9507995574776225
