Class,F1,Precision,Recall,Average Precision
attack,0.2816700992323535,0.2977830562153603,0.2672113676731794,0.21791995640320388
investigation,0.6565137112767557,0.783306135770235,0.5650500294290759,0.6835412006055887
mount,0.808371663560351,0.7421664050235479,0.8875455262268614,0.8920864137632452
other,0.8832224483941038,0.8270193863649447,0.9476214556354389,0.9654508073091282
Macro Average,0.5821851580231533,0.6077518656697144,0.5732689744430389,0.5978491902573458
