Class,F1,Precision,Recall,Average Precision
attack,0.20458553791887124,0.17401338564504962,0.24818959842001317,0.08568213829079369
investigation,0.6229493419866594,0.7868609814414209,0.5155538977993286,0.45012213354632363
mount,0.3635300993571011,0.2288166768853464,0.8839412600663192,0.27693042950177105
other,0.9148494386245125,0.8987631530367362,0.9315220510858127,0.9023297778240019
