Class,F1,Precision,Recall,Average Precision
attack,0.0,0.0,0.0,0.04521437198067633
investigation,0.6583952451708767,0.9184942581153351,0.5130966442020427,0.48982629136458655
mount,0.4669403762485446,0.32345699974530945,0.8392070484581498,0.34663798886615294
other,0.9034858405432311,0.8548673650676959,0.957967905260448,0.9083452212116415
