Class,F1,Precision,Recall
attack,0.39208011971912055,0.39303023309485347,0.39113458888378505
investigation,0.6041666666666666,0.6372537857224183,0.574345818368394
mount,0.7827566647759501,0.7614960147148988,0.8052385892116183
other,0.9059323461689661,0.8933727155251985,0.9188501556922609
