Class,F1,Precision,Recall,Average Precision
attack,0.0,0.0,0.0,0.04820316316560821
investigation,0.6704278783604685,0.9011833158995816,0.5337553967977386,0.5040863850875152
mount,0.6014251380866045,0.4478774177342376,0.9151802900038496,0.4769989905196165
other,0.9008634955020008,0.8617560151962853,0.9436891979913012,0.8957248049844788
