Class,F1,Precision,Recall,Average Precision
attack,0.11580804087342622,0.07537608867775139,0.24980320125951194,0.2051410437351992
investigation,0.7003852958246799,0.8172323759791122,0.6127717890048576,0.7329596689380231
mount,0.8052448012634904,0.7683830455259026,0.8458215248496579,0.8618704446952219
other,0.91665295971472,0.8911139964310156,0.9436989873674941,0.9745638683513208
Macro Average,0.5404793793205321,0.5536638367275888,0.5694655050380092,0.5999903857894814
