Class,F1,Precision,Recall,Average Precision
attack,0.3081241743725231,0.21532425571197786,0.5414973882762624,0.3775954894564007
investigation,0.6134387728366244,0.7330638733917796,0.5273784658229922,0.6192273610940705
mount,0.737298203927598,0.6468424279583078,0.8571660708482288,0.8410303037531283
other,0.895176304654443,0.8767105626669123,0.9144366535395255,0.9616557348586126
Macro Average,0.5529537170455819,0.5317435190206884,0.6420139749824946,0.6126177181011999
