Class,F1,Precision,Recall,Average Precision
attack,0.35852612164708714,0.36231766612641814,0.3548131100706293,0.31848133631720305
investigation,0.7684857309029907,0.8515673637599194,0.7001744722574691,0.8428262301389786
mount,0.7671163893493359,0.7342839927696324,0.8030223159374451,0.8438166966312823
other,0.9132309627631587,0.8731183624694023,0.9572067312974906,0.9787516144567152
Macro Average,0.6313760806331379,0.6493896742186567,0.6193366327551811,0.668374754362488
