Class,F1,Precision,Recall,Average Precision
attack,0.14896755162241887,0.11861421021726365,0.2001982160555005,0.13262262424616436
investigation,0.7956438533448982,0.8869482472834428,0.7213830982399201,0.8052934279842343
mount,0.44983328281297363,0.39817547625436006,0.5168930686172065,0.4805621454287057
other,0.9054332414863165,0.8599813669856865,0.9559576711606538,0.9724328895197586
Macro Average,0.46481489592676356,0.4679126445850222,0.47949146097087575,0.4728260658863681
