Class,F1,Precision,Recall,Average Precision
attack,0.0,0.0,0.0,0.07206485138486582
investigation,0.682688916834674,0.8371573107049608,0.576344496747593,0.7063532080524334
mount,0.7203270864041552,0.6444270015698587,0.8164929588670539,0.8304564399534012
other,0.9052927462424974,0.8754757046825331,0.9372124233128835,0.968437435116655
Macro Average,0.46767200107960977,0.4938614374249399,0.464279151871549,0.5362914997969002
