Class,F1,Precision,Recall,Average Precision
attack,0.2151665210214584,0.3322338830584708,0.15910396323951753,0.153113497250151
investigation,0.6912685561582099,0.8199645409122657,0.597490555327187,0.7453150271750771
mount,0.622780355143177,0.49567099567099565,0.8375645438898451,0.8092992815575594
other,0.8682274914603436,0.7972434635285498,0.9530873658857018,0.967123951266755
Macro Average,0.5097384774409485,0.5492898065472441,0.5313863541521832,0.5692426019942625
