Class,F1,Precision,Recall,Average Precision
attack,0.0,0.0,0.0,0.04820316316560821
investigation,0.5891417842095622,0.8410368723849372,0.4533584719481252,0.41841106185872246
mount,0.5130632763012556,0.35732228083396134,0.9094541676656277,0.40308560438259255
other,0.8426320236152871,0.787782851733886,0.9056904830182575,0.8401247360924495
