Class,F1,Precision,Recall,Average Precision
attack,0.0,0.0,0.0,0.028789264199655766
investigation,0.702661995115671,0.8958066639844922,0.5780325334686436,0.5484502965137521
mount,0.40932550275849794,0.2769349323315513,0.7842334969994544,0.25755654285053003
other,0.8573453919803582,0.7905656946945561,0.9364478697165947,0.870435974609217
