Class,F1,Precision,Recall,Average Precision
attack,0.24002743170648075,0.21911519198664442,0.265352539802881,0.20164173071098296
investigation,0.6423636833491257,0.772894987769993,0.5495519396297607,0.638089850096553
mount,0.7921886514369934,0.7301129128109347,0.8658008658008658,0.8467513817359331
other,0.8934931340676403,0.844833914479721,0.9481000926784059,0.9615157358747796
Macro Average,0.5581932554975333,0.5740410308558573,0.5602351150778359,0.5621609875144896
