Class,F1,Precision,Recall,Average Precision
attack,0.11900958466453673,0.13745387453874539,0.10492957746478873,0.0964001008321932
investigation,0.6972798910909234,0.690321911772329,0.7043795620437956,0.7586905331514351
mount,0.730621785881253,0.6813742588071154,0.787542834106027,0.7637223665843251
other,0.8808281488248805,0.8838704679268671,0.8778067014605747,0.9458212607503524
Macro Average,0.5156370872122377,0.5030500150393966,0.5322839912048704,0.5396043335226511
