Class,F1,Precision,Recall,Average Precision
attack,0.012672811059907831,0.007838479809976246,0.033066132264529056,0.11345030700645328
investigation,0.7032295606633692,0.8677219321148825,0.5911637835193667,0.7241844570710139
mount,0.6123882242456413,0.47089481946624806,0.8754377772589307,0.7961638310379262
other,0.917257928529736,0.904603222319584,0.9302717173245282,0.9700178485976834
Macro Average,0.4427635319896394,0.44881841046370224,0.49988923101427546,0.5445995317051312
