Class,F1,Precision,Recall,Average Precision
attack,0.14048934490923443,0.11274742676167854,0.18633865480240774,0.1634479664314196
investigation,0.6641313552676974,0.6910737597911227,0.6392108917466642,0.6990796820419884
mount,0.838447149936009,0.8021978021978022,0.878127577673907,0.8829034118308972
other,0.8975921182765704,0.9055434386332964,0.8897792190652162,0.9549832904035723
Macro Average,0.5476892833709802,0.5353396629168679,0.567892374740993,0.5818103534347684
