Class,F1,Precision,Recall,Average Precision
attack,0.20015337423312884,0.30651790957134467,0.14859094790777114,0.12673024676487915
investigation,0.7709093065314714,0.7981459880901222,0.7454701834862385,0.8173271740839757
mount,0.5771661283527595,0.5513818084250067,0.6054802592810843,0.5956655313007299
other,0.9096254298238706,0.8805115609384263,0.9407304184160996,0.9744397646903502
Macro Average,0.5160762697057866,0.5520152353621578,0.4998471302250313,0.5132409840498616
