Class,F1,Precision,Recall,Average Precision
attack,0.16735637125812866,0.12327790973871734,0.2604985778818805,0.19794871499716
investigation,0.678917880130284,0.7840404699738903,0.5986518309929352,0.7208541200824227
mount,0.8090181567851303,0.7379591836734694,0.8952199581032184,0.8778841215078068
other,0.9055741669798832,0.8860867173658593,0.9259380555815476,0.9681192041093866
Macro Average,0.5517641360578477,0.5484258544620256,0.5847901223260114,0.5988956521957965
