Class,F1,Precision,Recall,Average Precision
attack,0.0,0.0,0.0,0.02457989386792453
investigation,0.6550865913097583,0.849927345137506,0.5329182695552406,0.49404587841458586
mount,0.3410093091621754,0.2215431627196333,0.7401105912377711,0.20902835152247204
other,0.8342152549724271,0.770843591475913,0.9089399278972738,0.8481446222297768
