Class,F1,Precision,Recall,Average Precision
attack,0.32958939421837596,0.35431512272367377,0.3080895008605852,0.2764100705186117
investigation,0.6793642093724308,0.7281657963446475,0.6366931111237943,0.7198351021436183
mount,0.8244441093181857,0.7724018838304553,0.8840058931330627,0.8903399751910838
other,0.9086126215622712,0.8892079796862108,0.9288830686381281,0.971637249704343
Macro Average,0.6111325709696641,0.6182942676329256,0.6095961683724808,0.6288617159511046
