Class,F1,Precision,Recall,Average Precision
attack,0.0,0.0,0.0,0.11990348674439871
investigation,0.6716705227936577,0.9024640992167102,0.5348814716663604,0.7378950848558672
mount,0.6016949152542374,0.4480690737833595,0.9156294110098807,0.8092151798747591
other,0.901840695894038,0.8627092301099477,0.9446907458379734,0.9663708024416862
Macro Average,0.42445514601596496,0.4501777243333566,0.483503627558747,0.555671250491675
