Class,F1,Precision,Recall,Average Precision
attack,0.15820345232109936,0.0874803076637939,0.8258967629046369,0.4244879229858911
investigation,0.7706071061073785,0.8837756037060005,0.683131340592671,0.83680183359265
mount,0.7168342966367814,0.6881772107654667,0.7479817646500142,0.8028792096415505
other,0.9093511843014278,0.8711379988547813,0.9510706827272851,0.9769862359228283
Macro Average,0.5485482850217531,0.553144374045087,0.7523366227157741,0.688056322073364
