Class,F1,Precision,Recall,Average Precision
attack,0.012544802867383511,0.007759303246239113,0.032732130928523714,0.048083118734948326
investigation,0.7023126171039651,0.8668769612970711,0.5902600799047375,0.5427687523274946
mount,0.6126990608411597,0.47114418487817133,0.8758463693672659,0.47693225767731934
other,0.9162578189093574,0.9035969658595239,0.9292785119020213,0.8972202650437305
