Class,F1,Precision,Recall,Average Precision
attack,0.34596907674296556,0.33927157561361837,0.35293633143892594,0.24966125313743132
investigation,0.6467167281354319,0.7539980417754569,0.5661614243178003,0.6821724651950681
mount,0.8424096541251352,0.81861852433281,0.8676250374363582,0.897176476886002
other,0.8714920363412987,0.8212053956903554,0.9283390212864414,0.9542256173439689
Macro Average,0.611698486334511,0.6372960472406284,0.5955742643976948,0.6096700650728338
