Class,F1,Precision,Recall,Average Precision
attack,0.6239834774751518,0.5578121393953381,0.70796719390744,0.41766155523759413
investigation,0.7425062825461799,0.8157804850278948,0.6813103218751486,0.5942210174174064
mount,0.8843181403273901,0.8909871244635194,0.8777482483691713,0.7926175739875517
other,0.926837577719104,0.903987446926343,0.9508728324821841,0.9213290988680409
