Class,F1,Precision,Recall,Average Precision
attack,0.6854414105546713,0.6459727671359335,0.7300469483568075,0.4898037832354523
investigation,0.7426748643017004,0.821757941477855,0.6774768855305768,0.593896687904107
mount,0.9009871010718827,0.9122011036174126,0.8900454654223499,0.8204015956455704
other,0.91989131989132,0.890640575964556,0.9511286347954657,0.9174500013112233
