Class,F1,Precision,Recall,Average Precision
attack,0.6272016951397166,0.546503577198246,0.7358607830950901,0.4254811923786338
investigation,0.745637228979376,0.8026870089946487,0.6961587834501827,0.5999497773264759
mount,0.8874784323391669,0.8830165542611894,0.8919856311160659,0.7989650161285705
other,0.9309586425703562,0.918146575595348,0.9441333358643862,0.919498115977019
