Class,F1,Precision,Recall,Average Precision
attack,0.500809363715602,0.4641126240480037,0.5438074634937804,0.27995724776476244
investigation,0.7326388888888887,0.8288170329044745,0.6564613581026242,0.5797887676530404
mount,0.7950084317032039,0.7226241569589209,0.8835082458770614,0.6653013542307045
other,0.9275187060690803,0.906184234816319,0.9498819613762143,0.9211071540802098
