Class,F1,Precision,Recall,Average Precision
attack,0.5232902917264467,0.43317498020585904,0.6607487922705314,0.3135426039283188
investigation,0.7978889966624151,0.8537362709205021,0.7488996258010867,0.6735171766097419
mount,0.8801828571428572,0.9068387339864356,0.8550492938982147,0.7867155551297089
other,0.9443117913388396,0.9257582153318751,0.963624259370215,0.9363857126119095
