Class,F1,Precision,Recall,Average Precision
attack,0.6656390494540784,0.5979690745441957,0.7505793742757821,0.4695061945371342
investigation,0.7590958785690677,0.8498235227143345,0.6858718125430737,0.6141912384676442
mount,0.9013145938086872,0.9122011036174126,0.8906848659003831,0.8209848574672858
other,0.9257906033865967,0.8957541074395422,0.9579113611686901,0.9251004337462703
