Class,F1,Precision,Recall,Average Precision
attack,0.4400598251265532,0.3028503562945368,0.8045856121161128,0.2772738573252028
investigation,0.7983433514147485,0.8900202667364017,0.7237891434951353,0.6698686443170314
mount,0.8990306557139871,0.8780143180105501,0.9210777693599921,0.8235468082877632
other,0.9434421679041363,0.9293014569502539,0.9580198724837967,0.9324775265986529
