Class,F1,Precision,Recall,Average Precision
attack,0.65589997395155,0.5811216247403647,0.7527653213751868,0.45899788365742306
investigation,0.7586319662079303,0.7923830126380508,0.7276386638088765,0.6198697133493141
mount,0.8973617218236519,0.9509503372164316,0.8494906342425238,0.8125726452167089
other,0.9307713196804974,0.9174635407051873,0.9444708386385664,0.9196021911691034
