Class,F1,Precision,Recall,Average Precision
attack,0.5002437359851808,0.4062549485352336,0.6508117706747844,0.2930158919961373
investigation,0.7861680519742433,0.8919815638075314,0.7027970226903959,0.6521056378027502
mount,0.8391490821753302,0.7679289123335845,0.9249300355495046,0.7384887172100862
other,0.9395933287639936,0.9206096422221369,0.9593764163267482,0.9305861488584369
