Class,F1,Precision,Recall,Average Precision
attack,0.5880133507473516,0.4812351543942993,0.7556881760537113,0.38866982257446736
investigation,0.8049137518849536,0.8942207112970711,0.7318254169954923,0.679114226562641
mount,0.8994690490573235,0.8883132378799297,0.9109086225771138,0.8227476947734997
other,0.9422806625770094,0.9175716643002417,0.9683572498886294,0.9377250092748669
