Class,F1,Precision,Recall,Average Precision
attack,0.5375596184419714,0.4283452098178939,0.721525740197386,0.3366176636994101
investigation,0.7974166531502971,0.8838912133891214,0.7263545276277971,0.6691312328459624
mount,0.8953703413472088,0.8969166038683748,0.8938294010889292,0.8142202000367873
other,0.9386586086842279,0.9139005078219937,0.9647954843152877,0.9331056248285494
