Class,F1,Precision,Recall,Average Precision
attack,0.4845411959217415,0.3480601741884402,0.7970988213961921,0.30886391641831185
investigation,0.7870698703582877,0.9069364539748954,0.6951891756452017,0.652223903114531
mount,0.8771507833421529,0.8587666415473499,0.8963392652312129,0.7869131510611962
other,0.9377698150878283,0.9072233521368177,0.9704449674347326,0.9357733676857094
