Class,F1,Precision,Recall,Average Precision
attack,0.6309148264984227,0.6923609508423725,0.5794861889124976,0.41704045146064667
investigation,0.7448161459773291,0.7668222702948878,0.7240378413244464,0.6038405601088065
mount,0.8714722272155312,0.8917228694052728,0.852120928052496,0.7703396666116448
other,0.9290434487504595,0.9096547904744323,0.9492766186981063,0.9216209765716414
