Class,F1,Precision,Recall,Average Precision
attack,0.5304904051172709,0.44323040380047507,0.6605309734513274,0.31960546577680826
investigation,0.7988765656733434,0.8647031903765691,0.7423632256163442,0.6735173400825577
mount,0.8620430564176277,0.8285606631499624,0.8983454755906584,0.7651721450742586
other,0.9453717656036785,0.9349297107845018,0.9560497056899935,0.9326689646262902
