Class,F1,Precision,Recall,Average Precision
attack,0.5771270355248956,0.4868566904196358,0.7084917617237009,0.3696690849814207
investigation,0.7977510234659361,0.8615160826359832,0.7427746072007327,0.6722499897109597
mount,0.8779334472898062,0.8627857322280834,0.8936225568311165,0.7876831628175838
other,0.9415897940430616,0.9273443595942541,0.9562797200952362,0.9301567355479917
