Class,F1,Precision,Recall,Average Precision
attack,0.5330374972265365,0.47553444180522564,0.6063604240282685,0.3136261646494671
investigation,0.7883314628893809,0.8495848587866108,0.7353165846206077,0.6598376459413758
mount,0.8514453343880815,0.8111027380055262,0.8960110995490809,0.7497174860250125
other,0.942516904412788,0.9311690139043453,0.9541447941856883,0.9295438946763677
