Class,F1,Precision,Recall,Average Precision
attack,0.6201830443159922,0.5942764828063697,0.6484512717199697,0.4062322513634077
investigation,0.7451483560545309,0.7934646476147103,0.7023785527111469,0.600388158721816
mount,0.8295484207778647,0.7793991416309013,0.8865950620728135,0.7123711378005549
other,0.9316637184619682,0.9236662359239431,0.9398009015777611,0.9171576310350976
