Class,F1,Precision,Recall,Average Precision
attack,0.6300307527744351,0.5437341333948765,0.7488874761602035,0.4306688021611563
investigation,0.7536113103165659,0.8375270408744165,0.6849799795139212,0.6075750835679901
mount,0.8861313868613138,0.8931943592887799,0.8791792395896197,0.7956194079699888
other,0.9277717210977865,0.9033228724386192,0.9535808243203742,0.92357079561926
