Class,F1,Precision,Recall,Average Precision
attack,0.5517767604098539,0.5841218555273483,0.5228258624251187,0.3267893396251669
investigation,0.729098934792377,0.7851531367414323,0.6805151231065278,0.5791176640541846
mount,0.7427816043971336,0.6545677498467198,0.8584753940173689,0.5953768305169564
other,0.9308290058654314,0.9199003138268415,0.9420204922681387,0.9180823286876214
