Class,F1,Precision,Recall,Average Precision
attack,0.592000760926428,0.4927949326999208,0.7412171013457187,0.38971692019118287
investigation,0.7997370919447894,0.8949071652719666,0.7228632535051356,0.6714359911507379
mount,0.9066443715295306,0.9023172569706104,0.9110131879279736,0.8338962415084592
other,0.934773343729248,0.9048057612852886,0.9667940052894505,0.9315664772174703
