Class,F1,Precision,Recall,Average Precision
attack,0.6094069529652352,0.6488519398258116,0.5744830003505083,0.3896808564142429
investigation,0.799152741821605,0.8324725418410042,0.7683975500105603,0.678789610014002
mount,0.8851377510724296,0.8973247927656368,0.8732773109243698,0.796093535935875
other,0.9414344431552244,0.918511838520281,0.9655304558289632,0.9354779555474934
