Class,F1,Precision,Recall,Average Precision
attack,0.6652360515021459,0.6438956842834064,0.688039457459926,0.4613458310441397
investigation,0.7520603660494487,0.8000113856313332,0.7095324649096233,0.6093442517705442
mount,0.8946199407699902,0.8890251379521765,0.9002856078480069,0.8111216924885094
other,0.9294703230653644,0.9135130145837179,0.9459950296310456,0.9198042462234822
