Class,F1,Precision,Recall,Average Precision
other,0.9010036067475758,0.8299371451743714,0.9853804835724782,0.9914147277594155
behavior-5,0.35998161846454885,0.8064023377830909,0.2317087134078852,0.34149642197480334
