Class,F1,Precision,Recall,Average Precision
other,0.45439599154466453,0.2942011354420114,0.9975936748023376,0.9862069633327729
behavior-5,0.15113127683547004,0.9888423988842399,0.08181803194909247,0.1681976510397899
