Class,F1,Precision,Recall,Average Precision
other,0.8776262302893134,0.7958264697145635,0.9781681492299522,0.987321006547824
behavior-2,0.26443211312986664,0.69192037470726,0.16344877185217968,0.2082425999558635
