Class,F1,Precision,Recall,Average Precision
other,0.9016203514840985,0.8418246084465842,0.9705603372562797,0.984507736693039
behavior-6,0.4558173120317718,0.7508177222717811,0.3272420943494038,0.4181308701220522
