Class,F1,Precision,Recall,Average Precision
other,0.8335364542261094,0.7598849748382459,0.9229975390966103,0.949833680043389
behavior-6,0.4180451127819549,0.6322971948445792,0.31224260576563084,0.3753396867195533
