Class,F1,Precision,Recall,Average Precision
other,0.8136487887642567,0.6865323435843054,0.9985347420374797,0.9981187789235292
behavior-1,0.06583713970704048,0.9166666666666666,0.03414474759026303,0.051320867091704206
