Class,F1,Precision,Recall,Average Precision
other,0.6780540540540541,0.5132289564126343,0.9988321477863892,0.99307934721739
behavior-5,0.16800149003538836,0.9879518072289156,0.09180661577608143,0.20554467133355334
