Class,F1,Precision,Recall,Average Precision
other,0.6527482642242701,0.4852874087591241,0.9966773085331575,0.9860397480620828
behavior-5,0.19361137865973535,0.9745633260277612,0.10748214612708296,0.1504657185423545
