Class,F1,Precision,Recall,Average Precision
other,0.6654053542711191,0.49919096147841147,0.9975606988881325,0.9962037250530174
behavior-1,0.051590068107470376,0.9179389312977099,0.026540859681068257,0.05990367078994429
