Class,F1,Precision,Recall,Average Precision
other,0.8985523244449044,0.8252272573668559,0.9861786278577883,0.9894773954725051
behavior-5,0.35836569649895994,0.8181576675300525,0.22942973144112935,0.31299271591855865
