Class,F1,Precision,Recall,Average Precision
other,0.9483279316440777,0.9049236788772653,0.9961056880166088,0.9982840043684453
behavior-4,0.03904109589041096,0.36152219873150104,0.020634729093761312,0.015135896719924356
