Class,F1,Precision,Recall,Average Precision
other,0.9448736414822574,0.9040793825799338,0.9895233393670122,0.996403471932345
behavior-0,0.3127652628142344,0.7149253731343284,0.20016715419974926,0.27398326014307767
