Class,F1,Precision,Recall,Average Precision
other,0.9556451612903225,0.9264307908188835,0.9867620369381872,0.9962431058654195
behavior-0,0.32968749999999997,0.6298507462686567,0.22328042328042327,0.22416363488495045
