Class,F1,Precision,Recall,Average Precision
other,0.8053422370617697,0.709365400954186,0.9313540415308049,0.9441002679905397
behavior-6,0.4119690686988681,0.6967399545109931,0.292442322991249,0.3652791445722096
