Class,F1,Precision,Recall,Average Precision
other,0.8286077328008712,0.7458336056466898,0.9320483502123489,0.9499359482527557
behavior-6,0.4334573382935318,0.6846095526914329,0.31712028094820016,0.3471601800620398
