Class,F1,Precision,Recall,Average Precision
other,0.8229645675774966,0.6996811993796312,0.9989850838074735,0.998809787052975
behavior-4,0.05286343612334802,0.9219858156028369,0.027211833658945018,0.04937050558341077
