Class,F1,Precision,Recall,Average Precision
other,0.9421615179900095,0.8937361620374167,0.996135164777772,0.9980077029889154
behavior-4,0.0364160065836848,0.37420718816067655,0.019139273356401382,0.01597637803623157
