Class,F1,Precision,Recall,Average Precision
other,0.9341822198965056,0.8764933718836943,1.0,0.9993206981818261
behavior-5,0.4464547677261614,1.0,0.28737802958766134,0.7348523305988773
