Class,F1,Precision,Recall,Average Precision
other,0.8867925755811306,0.7984021180136593,0.9971907646387499,0.9985559119503268
behavior-4,0.03128653342982797,0.5940803382663847,0.016066323613493423,0.013965679234238446
