Class,F1,Precision,Recall,Average Precision
other,0.9600375958778805,0.9327810573692965,0.9889349930843707,0.9950079729735846
behavior-0,0.34820695318915956,0.6652719665271967,0.23581757508342602,0.2788139908370315
