Class,F1,Precision,Recall,Average Precision
other,0.6141226279579648,0.44312912552506684,1.0,0.9925322639643313
behavior-5,0.15173674588665448,1.0,0.0820969337289812,0.19581806041911665
