Class,F1,Precision,Recall,Average Precision
other,0.9252957381299628,0.8609770808202654,1.0,0.9999166202136526
behavior-4,0.1158904109589041,1.0,0.06150937908971935,0.5070030750666065
