Class,F1,Precision,Recall,Average Precision
other,0.929446897808115,0.8681931759434776,1.0,0.9999187717340028
behavior-4,0.12146446518305815,1.0,0.06465912564964843,0.5050641899863401
