Class,F1,Precision,Recall,Average Precision
other,0.6070590763390219,0.43623729249774806,0.9977631269131152,0.9829977222423484
behavior-2,0.3640631792493841,0.993986390251622,0.22284112680053927,0.6442109908460262
