Class,F1,Precision,Recall,Average Precision
other,0.9505605705290886,0.9281293128685543,0.9741029298803906,0.9921021176007812
behavior-3,0.7291923279957768,0.8404542996214169,0.6439448875997099,0.7354811558088759
