Class,F1,Precision,Recall,Average Precision
other,0.828766130201537,0.7471407097575322,0.9304142589728982,0.9553015349776421
behavior-6,0.4301568154402895,0.675890826383624,0.3154635527246992,0.37489900184107094
