Class,F1,Precision,Recall,Average Precision
other,0.9263272315182072,0.8627649491642254,1.0,0.9999100373169589
behavior-4,0.11722322294582235,1.0,0.06226081836914925,0.544759146674901
