Class,F1,Precision,Recall,Average Precision
other,0.8904585434720017,0.8099570829954041,0.9887280077552957,0.992221315957819
behavior-5,0.3530266875119998,0.8548183569104071,0.2224468986018216,0.3378140531523451
