Class,F1,Precision,Recall,Average Precision
other,0.9251339993748625,0.8606970532483198,1.0,0.999909407330678
behavior-4,0.11568439764802406,1.0,0.0613933236574746,0.4817762681751052
