Class,F1,Precision,Recall,Average Precision
other,0.9537858706926355,0.9518213374597465,0.955758530183727,0.9904892945024979
behavior-3,0.7057175261858697,0.7151162790697675,0.6965626234689846,0.7649967453595496
