Class,F1,Precision,Recall,Average Precision
other,0.9344610108408172,0.8769843434618951,1.0,0.9993375349183112
behavior-5,0.44743935309973043,1.0,0.2881944444444444,0.7239393248790947
