Class,F1,Precision,Recall,Average Precision
other,0.8350983358547653,0.7575975426442716,0.9302624187464891,0.9509604118584504
behavior-6,0.43592902907836373,0.6705837755875663,0.3229280759401241,0.3373997940714158
