Class,F1,Precision,Recall,Average Precision
other,0.9209123786561766,0.8845450667316717,0.960398332561371,0.9831915987326301
behavior-6,0.46490663232453316,0.6440677966101694,0.36372795969773297,0.4006268267177939
