Class,F1,Precision,Recall,Average Precision
other,0.7779873572593801,0.6382418133913261,0.996083806540043,0.9895204849621794
behavior-3,0.4551482547228825,0.9837750135208221,0.2960611979166667,0.6468232749486568
