Class,F1,Precision,Recall,Average Precision
other,0.940158464098171,0.8903271909375257,0.9958985245171266,0.9981190663847939
behavior-4,0.032016008004002006,0.3382663847780127,0.016803192606595255,0.014345012569298496
