Class,F1,Precision,Recall,Average Precision
other,0.8295281582952816,0.7479903274295797,0.9310176523224599,0.9551334027734968
behavior-6,0.4321583775953646,0.6785443517816527,0.31703861140630535,0.34123106947649146
