Class,F1,Precision,Recall,Average Precision
other,0.9527512917487881,0.9350299025553093,0.9711573963468931,0.9904247813939153
behavior-3,0.7323637680284836,0.8204434829637642,0.6613623978201635,0.7823820182057861
