Class,F1,Precision,Recall,Average Precision
other,0.9619753086419753,0.9295864262990456,0.9967026719727118,0.9992295380698639
behavior-1,0.1969872537659328,0.7456140350877193,0.11348464619492657,0.2535573241040952
