Class,F1,Precision,Recall,Average Precision
other,0.8875285505016403,0.8119210931381815,0.9786633248431486,0.9887291993556842
behavior-2,0.27969846633740575,0.6929742388758782,0.17520798176273797,0.2775488871267348
