Class,F1,Precision,Recall,Average Precision
other,0.9583918490981688,0.9226935312831389,0.9969636207390432,0.9988774762118354
behavior-1,0.18807092960773777,0.7675438596491229,0.10716472749540723,0.22125428358441154
