Class,F1,Precision,Recall,Average Precision
other,0.8440980509148768,0.7313673961743925,0.9979132377145544,0.9983983339606015
behavior-4,0.053148120187226325,0.8321513002364066,0.02745067456913359,0.03482413173273362
