Class,F1,Precision,Recall,Average Precision
other,0.9603342587756672,0.9261930010604454,0.997088874935784,0.9991649995716171
behavior-1,0.1969949916527546,0.7763157894736842,0.11281070745697896,0.21292789631149275
