Class,F1,Precision,Recall,Average Precision
other,0.9541355596585588,0.9176939904774161,0.9935909939532421,0.9978393310937643
behavior-2,0.7803408945277458,0.9636018357335021,0.655647679552062,0.9324626480285751
