Class,F1,Precision,Recall,Average Precision
other,0.9548238929721835,0.9220671210984639,0.9899937844155162,0.9953074371259937
behavior-0,0.33381062068106826,0.7010983263598326,0.21905384426832258,0.289880202657556
