Class,F1,Precision,Recall,Average Precision
other,0.9431984262553882,0.8958799479868327,0.9957941613062841,0.9984259821428854
behavior-4,0.03154242456103459,0.3171247357293869,0.0165965921664085,0.015413734980379774
