Class,F1,Precision,Recall,Average Precision
other,0.9390988894402711,0.8949479795179544,0.9878320973432213,0.9931062894909313
behavior-0,0.2577685088633994,0.6464435146443515,0.1609794217244074,0.22788944172016717
