Class,F1,Precision,Recall,Average Precision
other,0.935705361134355,0.8791788729967258,1.0,0.9999408254793126
behavior-4,0.1310611928737413,1.0,0.07012599469496021,0.5427382827009813
