Class,F1,Precision,Recall,Average Precision
other,0.9505121842590826,0.9135709859430547,0.99056678837602,0.9952308166236115
behavior-0,0.320935917583377,0.7209728033472803,0.20640862469117316,0.2815389567185933
