Class,F1,Precision,Recall,Average Precision
other,0.9323820617355852,0.8733293328241776,1.0,0.99926255251561
behavior-5,0.440212150433944,1.0,0.28222565687789797,0.7130671711861954
