Class,F1,Precision,Recall,Average Precision
other,0.9319739606654497,0.8726698058440302,0.9999260901699926,0.9966348960171282
behavior-3,0.7891534109106437,0.999729510413849,0.6518518518518519,0.9267304147616724
