Class,F1,Precision,Recall,Average Precision
other,0.9486121330390181,0.9300949353853875,0.9678816233271679,0.9899739937358427
behavior-3,0.7107269343898194,0.8004326663061114,0.6391018028716399,0.7120869112582953
