Class,F1,Precision,Recall,Average Precision
other,0.9589526397101913,0.9265474198944795,0.9937066990532446,0.998177248555913
behavior-2,0.798087002096436,0.9639183415097325,0.6809390721073225,0.9422196552183176
