Class,F1,Precision,Recall,Average Precision
other,0.9721084756238895,0.9458253984163576,0.9998940397350994,0.999771816913667
behavior-0,0.5522943365026871,0.9970149253731343,0.3819325328759291,0.8025600997806803
