Class,F1,Precision,Recall,Average Precision
other,0.6117670208579299,0.44128083572259913,0.9969216956326556,0.9952257069965241
behavior-1,0.046030364568223577,0.9083969465648855,0.023613453715646392,0.048029865701001415
