Class,F1,Precision,Recall,Average Precision
other,0.9401417930539352,0.89688855549395,0.9877782666870213,0.993556384583666
behavior-0,0.2601806369830455,0.6440899581589958,0.16301542127208948,0.26268091423561557
