Class,F1,Precision,Recall,Average Precision
other,0.8834449065527953,0.8045083848667333,0.9795567757739162,0.990087841705956
behavior-2,0.2779793340987371,0.7087822014051522,0.17289345901171094,0.2684448406673707
