Class,F1,Precision,Recall,Average Precision
other,0.8717245491131317,0.7752386002120891,0.9956418113721485,0.9974886648637201
behavior-1,0.07082703519758152,0.7192982456140351,0.037247331364978424,0.0354058202323382
