Class,F1,Precision,Recall,Average Precision
other,0.8835884312684081,0.80304339607356,0.9820919921729869,0.9898383384941328
behavior-2,0.2890325507542248,0.7460187353629977,0.17923758615839078,0.2609102291306261
