Class,F1,Precision,Recall,Average Precision
other,0.9132569188525181,0.8541877872397945,0.9811025073746312,0.9910668475729878
behavior-5,0.3675458526787185,0.7413163312744903,0.24434666491539153,0.31586597023198726
