Class,F1,Precision,Recall,Average Precision
other,0.9528933492546926,0.9139364303178484,0.9953192443522619,0.9981966215328453
behavior-2,0.7779955738223205,0.9735717676847603,0.6478517270429655,0.941977478869041
