Class,F1,Precision,Recall,Average Precision
other,0.9398974358974359,0.886667096690963,0.9999272568560413,0.9973105699390123
behavior-3,0.8078688524590163,0.999729510413849,0.6777920410783055,0.9357957104487353
