Class,F1,Precision,Recall,Average Precision
other,0.9317016317016317,0.8721837324750423,0.9999374570016887,0.9992865901679981
behavior-5,0.43761996161228406,0.9989047097480832,0.280184331797235,0.7228863175181616
