Class,F1,Precision,Recall,Average Precision
other,0.9714858601114525,0.9601595676232145,0.9830825581701758,0.997588669703907
behavior-2,0.838304784406379,0.8984016458300363,0.7857439446366782,0.923160099597893
