Class,F1,Precision,Recall,Average Precision
other,0.8242520759868046,0.7010901115913049,0.9999080036798528,0.9874671433003447
behavior-3,0.6146171114991269,0.999729510413849,0.4436974789915966,0.7235143329728542
