Class,F1,Precision,Recall,Average Precision
other,0.959121314724585,0.9237009544008483,0.9973664624720903,0.99920405560839
behavior-1,0.19686316928069228,0.7982456140350878,0.11227637260950031,0.25534386107640844
