Class,F1,Precision,Recall,Average Precision
other,0.958867869065866,0.9309057108378722,0.9885618792806365,0.9950181012097841
behavior-0,0.3382203905141544,0.6545502092050209,0.228022228295527,0.27452064100996537
