Class,F1,Precision,Recall,Average Precision
other,0.9601671385765732,0.9259809119830329,0.9969743677570361,0.9991469335520657
behavior-1,0.19455252918287935,0.7675438596491229,0.11139401654996817,0.24288941414789245
