Class,F1,Precision,Recall,Average Precision
other,0.8360166964818126,0.778837984445461,0.9022562083585706,0.9415937104285859
behavior-6,0.36558556113448226,0.5106141015921153,0.284717818642993,0.29782293937869486
