Class,F1,Precision,Recall,Average Precision
other,0.779560853838708,0.6399565053740957,0.9970678308464195,0.99004617585942
behavior-3,0.45776942355889727,0.9878312601406165,0.2979122492252487,0.6950893773668725
