Class,F1,Precision,Recall,Average Precision
other,0.9464684151970939,0.9019130068062275,0.9956547603652071,0.9982835458507864
behavior-4,0.0305020594456195,0.28964059196617337,0.01609870740305523,0.015850586555338605
