Class,F1,Precision,Recall,Average Precision
other,0.5634934058871003,0.3935959061326996,0.9914630205941873,0.9852092107527688
behavior-2,0.15108880555633875,0.9412177985948478,0.0821369084722208,0.2596873024724049
