Class,F1,Precision,Recall,Average Precision
other,0.950291875148916,0.9057541090640702,0.9994361785434612,0.9996605835032614
behavior-1,0.23264367816091952,0.9656488549618321,0.1322530057501307,0.37155880132558167
