Class,F1,Precision,Recall,Average Precision
other,0.9512988051206072,0.9331270126719919,0.9701924122187194,0.9910033631266113
behavior-3,0.725073710812925,0.8146295294753921,0.6532581589504499,0.7344838466883492
