Class,F1,Precision,Recall,Average Precision
other,0.8221175755734468,0.6981874475907889,0.9995382768492013,0.9892822516337583
behavior-3,0.6118660921445144,0.9986475520692454,0.44104646995579977,0.7725222912431082
