Class,F1,Precision,Recall,Average Precision
other,0.9345261247244911,0.9002457400556291,0.9715205781854478,0.9883081615002037
behavior-2,0.3314130318102122,0.5422716627634661,0.23862523831607152,0.28712276165957895
