Class,F1,Precision,Recall,Average Precision
other,0.9585814547001276,0.9280144125595161,0.9912307227094043,0.9977575141120011
behavior-2,0.793860809738026,0.9495173286912486,0.6820506991019666,0.9290601479117495
