Class,F1,Precision,Recall,Average Precision
other,0.9498458284301312,0.905072813466943,0.9992791324515765,0.9996663196278693
behavior-1,0.22934309910734724,0.9561068702290076,0.1302990897269181,0.41062165103014747
