Class,F1,Precision,Recall,Average Precision
other,0.8855253589487748,0.797763422512036,0.9949834682476343,0.9946598969189319
behavior-6,0.4883984581664274,0.9607493309545049,0.3274219700040535,0.6854959757467374
