Class,F1,Precision,Recall,Average Precision
other,0.597824322130216,0.42643160468408187,0.9995777027027027,0.9832578540948352
behavior-2,0.36154308789414896,0.9988922297831936,0.22071473529617455,0.6174132250696883
