Class,F1,Precision,Recall,Average Precision
other,0.9357451774558935,0.8792491775785332,1.0,0.9969935087005036
behavior-3,0.7979710770559033,1.0,0.6638534745914886,0.9347872568245663
