Class,F1,Precision,Recall,Average Precision
other,0.9477113094228226,0.9007933948268078,0.9997852233676976,0.9971073909439141
behavior-3,0.8274162840183671,0.9991885312415472,0.706039755351682,0.9341294947885209
