Class,F1,Precision,Recall,Average Precision
other,0.9017125088597755,0.8329573871316572,0.9828393991048376,0.9909650363687698
behavior-5,0.35079134952277397,0.7713355914192734,0.22701772904083348,0.30183483188252064
