Class,F1,Precision,Recall,Average Precision
other,0.8846843797596886,0.7964531659455177,0.9948995127892813,0.9949998490260585
behavior-6,0.48658830620855936,0.960154623847755,0.3258653749116964,0.6790337233549053
