Class,F1,Precision,Recall,Average Precision
other,0.871991881704842,0.7751016248257442,0.9965659030319461,0.9983206907890699
behavior-4,0.02460333400281181,0.5179704016913319,0.012600936069536594,0.012741111605933716
