Class,F1,Precision,Recall,Average Precision
other,0.9587986947453407,0.9295603535435896,0.9899360911395922,0.9953154975589504
behavior-0,0.35232681121099946,0.6969142259414226,0.235757254069356,0.2852537036797234
