Class,F1,Precision,Recall,Average Precision
other,0.5090983931610202,0.3423415516729227,0.9926008573609725,0.9845677592014191
behavior-2,0.14304617191128402,0.9557377049180328,0.07730850469325705,0.2237540459614273
