Class,F1,Precision,Recall,Average Precision
attack,0.17573730617208877,0.11441013460015835,0.37876802096985585,0.24631071963401108
investigation,0.7847577178732469,0.8505874673629242,0.7283855731473847,0.8095493410852712
mount,0.884016710505957,0.8969230769230769,0.8714765100671141,0.9049427339872078
other,0.9454137635434325,0.9381695843220529,0.9527706867769615,0.9865010191624792
Macro Average,0.6148372448504308,0.6206402262953865,0.6595433680614516,0.65360093156883
