Class,F1,Precision,Recall,Average Precision
attack,0.19361300966297432,0.13008709422011086,0.37839705204974666,0.2558975432232665
investigation,0.7911972014052392,0.8691742819843342,0.7260595155331997,0.8073885384426283
mount,0.891723505740876,0.9010047095761381,0.8826315627595116,0.9244887963719828
other,0.9478523228652999,0.9343511548030983,0.9617493893727822,0.9876054517271077
Macro Average,0.6255112389363632,0.6334220285935278,0.6623627101141526,0.6625916260126258
