Class,F1,Precision,Recall,Average Precision
attack,0.10570705650829353,0.05954077593032463,0.47058823529411764,0.2695131286850666
investigation,0.7947269575267264,0.8976990861618799,0.7129471228615863,0.8056792129994039
mount,0.8876043673731535,0.8895133437990581,0.8857035670741239,0.9234993978415224
other,0.9470636217985174,0.9319654358574198,0.9626590557735759,0.9865517935029557
Macro Average,0.5960127938027244,0.6155844019637542,0.6897463084099426,0.6662305798419976
