Class,F1,Precision,Recall,Average Precision
attack,0.12854986966662094,0.07418844022169438,0.48100616016427106,0.2719524299332662
investigation,0.7973331569159298,0.8850359007832899,0.7254450850042135,0.8167991859012999
mount,0.889920674892974,0.887629513343799,0.8922236950072587,0.9130741940079483
other,0.948387242428054,0.9403954025341068,0.9565160820235246,0.9875231343863333
Macro Average,0.6052679004918415,0.6156179514495944,0.6995583133919144,0.6672752699475047
