Class,F1,Precision,Recall,Average Precision
attack,0.1931433495414538,0.12422802850356295,0.43378490461708596,0.2731810057845298
investigation,0.793942870591004,0.8808257180156658,0.7226610614255877,0.8046089301287176
mount,0.8942212125514695,0.8898273155416012,0.8986587183308494,0.9205068235459389
other,0.9471692243882206,0.934792480827902,0.9598781040450279,0.9870125526233384
Macro Average,0.6271024775613091,0.6316270206869433,0.6850348947911744,0.6660989198197288
