Class,F1,Precision,Recall,Average Precision
attack,0.3014270797076227,0.20570071258907363,0.5638020833333334,0.34055182982536863
investigation,0.6710570344370955,0.7690600522193212,0.5952083254398263,0.6712307364641721
mount,0.5415705095476361,0.41629513343799057,0.7747005550686532,0.6860537145876471
other,0.9103579886128886,0.924501269611825,0.8966409230482926,0.9765910272809658
Macro Average,0.5046848745641181,0.4636852994154618,0.6445703212806043,0.5659454269590626
