Class,F1,Precision,Recall
attack,0.30068195908245504,0.22386337410570045,0.4577630957999056
investigation,0.5163101667895976,0.6176704998292155,0.4435269590810612
mount,0.20178152836380683,0.1319435928877989,0.42868525896414345
other,0.8862783846590181,0.8941480524275429,0.878546034970616
