Class,F1,Precision,Recall
attack,0.9712005729193308,0.9777526006797816,0.9647357723577236
investigation,0.9672527224554428,0.9633510287906382,0.9711861493507509
mount,0.9651290298998464,0.9679358717434869,0.9623384196714938
other,0.9852526669401506,0.9867281601557027,0.9837815798613733
