Class,F1,Precision,Recall,Average Precision
attack,0.382181435809196,0.31654790182106096,0.4821514712976363,0.32434975386346404
investigation,0.7216387916504602,0.7720463446475195,0.6774101172663621,0.748884928655225
mount,0.8022027858762553,0.777519623233909,0.8285045165607227,0.8318519080433225
other,0.9172279830300454,0.9105899057864878,0.9239635523480699,0.9769330598533095
Macro Average,0.6353410044453038,0.6220379565674965,0.6626887017082405,0.6350288635206706
