Class,F1,Precision,Recall,Average Precision
attack,0.43535281539558096,0.3524117239787676,0.569351230425056,0.23396196811641407
investigation,0.608763574974173,0.6876921325287487,0.5460874282356132,0.4406758563379661
mount,0.5384556399049153,0.4305334150827713,0.7185837085550553,0.36451297587860093
other,0.9127087070511936,0.915783644083441,0.9096543504171632,0.8872116594680113
