Class,F1,Precision,Recall,Average Precision
attack,0.29559258682448214,0.19803839732888148,0.5825659914057704,0.2799410280026708
investigation,0.6561462374611164,0.7782844824012272,0.5671429866167186,0.6163363913464257
mount,0.4509433962264151,0.3246455556498854,0.7380814514572477,0.5977446352769229
other,0.9248614668926778,0.9303847800819722,0.9194033459777237,0.9788604702964744
Macro Average,0.46756074017067123,0.43365614512666467,0.6292634764932455,0.4980073515420065
