Class,F1,Precision,Recall,Average Precision
attack,0.27459393196444987,0.2630651790957134,0.28717948717948716,0.2030711084569313
investigation,0.7770632532420915,0.7807723003253729,0.7733892790902733,0.8339467788741242
mount,0.5368152866242037,0.5653340488328414,0.5110356536502547,0.5145040695466145
other,0.9108641260871786,0.9065130854577793,0.9152571360161448,0.9761202170086138
Macro Average,0.5294908239435817,0.5363905094179758,0.5238681399733384,0.51717398562589
