Class,F1,Precision,Recall,Average Precision
attack,0.39314322332585716,0.3679160419790105,0.42208462332301344,0.33463371571310757
investigation,0.7489370664349932,0.7641970665663783,0.7342745786335596,0.798917019126568
mount,0.7380693101018513,0.7335115864527629,0.7426840273301534,0.7765023226059564
other,0.9093598894773199,0.9041966207243921,0.9145824649159372,0.9735041319550329
Macro Average,0.6267165332875672,0.6218748983327173,0.6330144097622421,0.6366843524818774
