Class,F1,Precision,Recall,Average Precision
attack,0.32936945298451187,0.22478226444972288,0.6159687567802127,0.3871072823799381
investigation,0.712200679089517,0.7855417754569191,0.6513849609612861,0.738061118580354
mount,0.7845773503115686,0.7273783359497645,0.8515401014482099,0.8350143371680383
other,0.9200544865030793,0.9201839498039617,0.9199250596261933,0.9776820147974719
Macro Average,0.6087158274618658,0.5792341252854688,0.7062979397299028,0.6533942460427767
