Class,F1,Precision,Recall,Average Precision
attack,0.3117520711874808,0.3124231242312423,0.3110838946723821,0.2501720569412625
investigation,0.7338517263972507,0.7692965631641698,0.7015292254603039,0.7576170889730103
mount,0.47397806580259216,0.41454482036972445,0.5533054003724395,0.4327923759661775
other,0.8928063541577923,0.8795320731329408,0.9064874575820081,0.9646105343211323
Macro Average,0.5065272877957745,0.4987548359217122,0.5219728401683752,0.48019384062681675
