Class,F1,Precision,Recall,Average Precision
attack,0.9362367661212705,0.9459481361426256,0.9267227691330581,0.9865981122113637
investigation,0.9347825124907619,0.9260818098119163,0.9436482550347564,0.9863570689089801
mount,0.9490253682162849,0.9602329785097409,0.938076364635247,0.990940579510559
other,0.9736382181427354,0.9760383940789854,0.9712498177940421,0.9974401734089808
Macro Average,0.9400148822761057,0.9440876414880943,0.9361491296010205,0.9879652535436344
