Class,F1,Precision,Recall,Average Precision
attack,0.40416992442011995,0.3069675376088678,0.5914569031273836,0.4333440319146627
investigation,0.7177286835859047,0.7697780678851175,0.6722722608596511,0.7205444323170888
mount,0.8303126415949253,0.8054945054945055,0.8567087424029921,0.8628244712012308
other,0.9133280946806291,0.9106730541679725,0.9159986618458806,0.9746584094058052
Macro Average,0.6507370832003166,0.627413370329497,0.7068126354633423,0.6722376451443274
