Class,F1,Precision,Recall,Average Precision
attack,0.9553026096612993,0.9643157403082672,0.9464564041441276,0.9137101316117793
investigation,0.9481244644288623,0.9408854833400387,0.9554756996675766,0.916379725828412
mount,0.9527543901852297,0.9537639069498627,0.9517470082183881,0.9103237005800167
other,0.9780640428102882,0.981078577365286,0.9750679768706546,0.9683733595207473
