Class,F1,Precision,Recall,Average Precision
attack,0.9553150152650568,0.9643257377661562,0.9464711274060496,0.9928594407904924
investigation,0.9481266551525619,0.9408941744289149,0.9554711866924105,0.9914259149991392
mount,0.9527405661511821,0.9537268875192604,0.951756282735092,0.9919009083864988
other,0.9780678670957611,0.9810812915956277,0.9750728975821227,0.9983798212451691
Macro Average,0.9520607455229335,0.9529822665714439,0.951232865611184,0.9920620880587102
