Class,F1,Precision,Recall,Average Precision
attack,0.4735953701470943,0.388756927949327,0.6057988895743368,0.4879825248163879
investigation,0.7206105234151344,0.7681298955613577,0.678628067241429,0.7492612963324908
mount,0.8037216078405403,0.7621350078492936,0.8501085662253975,0.8375795119293952
other,0.9167853587809226,0.916020134700378,0.9175518624348116,0.9762581793031988
Macro Average,0.6659758338009231,0.6396739437866593,0.7115118410137211,0.6916077776927579
