Class,F1,Precision,Recall,Average Precision
attack,0.2543569882674564,0.1768012668250198,0.453125,0.2778658606546633
investigation,0.5662317674630103,0.660411227154047,0.49556113390069184,0.5207541982571934
mount,0.47106314268717603,0.3480690737833595,0.7284794322512814,0.5614416313984016
other,0.8646962036110067,0.8756164173281227,0.8540450167190697,0.9340304825481488
Macro Average,0.43055063280588096,0.39509385592080876,0.5590551887173244,0.4533538967700861
