Class,F1,Precision,Recall,Average Precision
attack,0.42452961672473866,0.4683271832718327,0.3882232984960489,0.38023929597187006
investigation,0.7704111248517276,0.7911979679643357,0.7506885697422782,0.818782796043205
mount,0.7146899922819656,0.7267178235088944,0.7030538214948541,0.7047443531442322
other,0.8994669299111551,0.8823597768825534,0.9172505436095675,0.971509719906927
Macro Average,0.6365435779528107,0.6620809915816875,0.6139885632443937,0.6345888150531024
