Class,F1,Precision,Recall,Average Precision
attack,0.20607586246352763,0.14259699129057798,0.3714167869663848,0.21050096062362078
investigation,0.6208657094299243,0.7243146214099216,0.5432736441414425,0.6088204643709361
mount,0.550715845668527,0.4275353218210361,0.7736052721281672,0.6810966172183985
other,0.9098064918454226,0.9144850876575822,0.9051755246747492,0.9703654342028608
Macro Average,0.4592191391873263,0.4314823115071786,0.5627652344119981,0.5001393474043184
