Class,F1,Precision,Recall,Average Precision
attack,0.14202711426726922,0.12918379330593072,0.15770609318996415,0.07434901861057452
investigation,0.6729866405011699,0.684234759653754,0.6621023554222235,0.6977636627809943
mount,0.12487842832133825,0.08612825328682587,0.22701555869872703,0.15290600491074202
other,0.8623434390729251,0.8735326501228085,0.8514372513084683,0.9383101166112982
Macro Average,0.3132973943632591,0.2998489354155035,0.3489413357703049,0.3083395621007703
