Class,F1,Precision,Recall,Average Precision
attack,0.43535281539558096,0.3524117239787676,0.569351230425056,0.4314174727440786
investigation,0.608763574974173,0.6876921325287487,0.5460874282356132,0.5481241846549408
mount,0.5384556399049153,0.4305334150827713,0.7185837085550553,0.6419144555749834
other,0.9129089991280803,0.9159775301593148,0.9098609586534944,0.9750853950391625
Macro Average,0.5275240100915565,0.49021242386342917,0.6113407890719081,0.5404853709913343
