Class,Mean F1,Mean Precision,Mean Recall,Mean Average Precision,Std F1,Std Precision,Std Recall,Std Average Precision
attack,0.26204848945518694,0.17722354183161784,0.5035072973995977,0.12982518623008685,0.036625332051913435,0.02691913897888018,0.0544817811020625,0.022385518915773776
investigation,0.6480204904974061,0.7552846059972106,0.5675455734137856,0.4860803939677926,0.023021608134170785,0.01674521252877515,0.026284974769322893,0.02518110793196881
mount,0.5491449851204887,0.4193774595997655,0.7967764988332168,0.40454547215223124,0.0066113110975620564,0.00970885422585663,0.039397358230953396,0.012598190076888121
other,0.909425386064732,0.9180044429094661,0.9010546445518673,0.8761071616717205,0.006491142523376578,0.011441146434062369,0.004923906937983253,0.006112950913446299
