Class,F1,Precision,Recall,Average Precision
attack,0.9757842597688497,0.9858215179316097,0.9659493326069191,0.9979585621630758
investigation,0.9698960603286854,0.9660314140002406,0.9737917521925732,0.9967950487993955
mount,0.9703140439060016,0.9868053128276826,0.9543649116876531,0.9971763462160937
other,0.988077573594264,0.9877926324262869,0.9883626791993789,0.9994622020497069
Macro Average,0.9719981213345122,0.9795527482531776,0.9647019988290485,0.9973099857261883
