Class,F1,Precision,Recall,Average Precision
attack,0.9491713263815426,0.9702368692070031,0.9290010847056503,0.9918186334991448
investigation,0.9587605625043727,0.955655253105217,0.9618861184985299,0.9943991099188066
mount,0.9550194627324715,0.9709776713734304,0.939577324949175,0.9937504869832845
other,0.9817946294819813,0.981276144687778,0.9823136624778305,0.9988572397587064
Macro Average,0.9543171172061289,0.9656232645618834,0.9434881760511185,0.9933227434670787
