Class,F1,Precision,Recall,Average Precision
attack,0.9491662048465918,0.9702338036873004,0.9289940828402367,0.9020241999723424
investigation,0.9587650107101344,0.9556554423218506,0.9618948813554034,0.9327578058564483
mount,0.9550021633575309,0.9709663228896818,0.9395544624698482,0.9136790149384804
other,0.9817960705274403,0.9812793220570026,0.9823133635312624,0.9756035615979484
