Class,F1,Precision,Recall,Average Precision
attack,0.21328746506127713,0.1487256371814093,0.3768996960486322,0.07697888093887836
investigation,0.6928369278813311,0.7641676981863194,0.6336859017271388,0.5488354572733083
mount,0.3702164502164503,0.27221797810033105,0.5784632034632035,0.19959662138804274
other,0.8973744536126524,0.8897960585830594,0.9050830479651502,0.8762709325433176
