Class,F1,Precision,Recall,Average Precision
attack,0.9428861462841267,0.9538428278023997,0.9321783224170717,0.9892345677192744
investigation,0.9519184029923297,0.9431764379357072,0.9608239364002262,0.9926295266216543
mount,0.9585250771829673,0.976963723802173,0.9407695386198617,0.9934076995588275
other,0.9791905988244589,0.9818740071603006,0.9765218177316476,0.9985059224745902
Macro Average,0.9511098754864746,0.9579943298467599,0.9445905991457199,0.991757264633252
