Class,F1,Precision,Recall,Average Precision
attack,0.9428678317567206,0.9538278546712803,0.9321568213040262,0.8901805575623334
investigation,0.9519206204003593,0.9431837667905115,0.9608208489647887,0.9235590862559874
mount,0.9585154110586728,0.976958251677653,0.9407559901641219,0.9200456168545377
other,0.9791920024125214,0.9818723713752648,0.9765262276456643,0.9702452656601935
