Class,F1,Precision,Recall,Average Precision
attack,0.21328746506127713,0.1487256371814093,0.3768996960486322,0.2142646594116086
investigation,0.6932118539811691,0.7644119701284049,0.6341452543845966,0.7151050809712245
mount,0.3702164502164503,0.27221797810033105,0.5784632034632035,0.46795000663596054
other,0.8973689982798627,0.8898186730161638,0.9050485527326921,0.9664771935045092
Macro Average,0.4255719230862989,0.3951185284700484,0.5298360512988108,0.46577324900626454
