Class,F1,Precision,Recall,Average Precision
attack,0.3028193525931082,0.20665083135391923,0.56640625,0.15529026187010248
investigation,0.671048410667313,0.7692697437238494,0.5950692205575574,0.5116471359022718
mount,0.5415109368298511,0.41625847776940467,0.7745836985100789,0.39338071346468073
other,0.9101627449992442,0.9242616114714046,0.8964875494733185,0.8737847403791461
