Class,F1,Precision,Recall,Average Precision
attack,0.29559258682448214,0.19803839732888148,0.5825659914057704,0.15163062549370102
investigation,0.6561462374611164,0.7782844824012272,0.5671429866167186,0.4918590326463823
mount,0.4509433962264151,0.3246455556498854,0.7380814514572477,0.3146733623193474
other,0.9247516461766833,0.9302824235740978,0.9192862440028453,0.8981457142563496
