Class,F1,Precision,Recall
attack,0.517793103448276,0.43318716824371106,0.6434693177922524
investigation,0.6638007469303313,0.7032335192986451,0.6285554368289828
mount,0.7615051615051615,0.7010423053341508,0.8333819241982507
other,0.9160273117726956,0.9213033044120362,0.9108114027083257
