Class,F1,Precision,Recall,Average Precision
attack,0.23193076693524323,0.153840063341251,0.471030303030303,0.11325091714479285
investigation,0.6250051995951248,0.7367285564853556,0.5427050976426112,0.4613035048835338
mount,0.5529416511984504,0.4302624968600854,0.7734815985549786,0.402051619961437
other,0.9025970504448577,0.904799365542295,0.9004054303480845,0.8714957699261006
