Class,F1,Precision,Recall,Average Precision
attack,0.404603270745003,0.30833141010846987,0.5882870981946279,0.4806481423549211
investigation,0.6468174590962712,0.7179209837185472,0.5885290274407318,0.6497205717005201
mount,0.6983502983502984,0.6099325567136726,0.8167487684729065,0.8245898720120448
other,0.9150705066372697,0.9173036191177825,0.9128482404692082,0.9775915719423574
Macro Average,0.5832570093971908,0.5453949835135633,0.664521631369422,0.6516528620224954
