Class,F1,Precision,Recall,Average Precision
attack,0.2306177260519248,0.15296912114014252,0.46836363636363637,0.2981991732514457
investigation,0.6252622395779242,0.7368309399477807,0.5430371982826011,0.5921095878433819
mount,0.5527982891498204,0.4301412872841444,0.7733122601038609,0.6856767919191901
other,0.9026299670775592,0.9048526674640384,0.9004181597153713,0.9640555173532903
Macro Average,0.46955941825988984,0.43998044945735587,0.5949043649166995,0.5253285176713391
