Class,F1,Precision,Recall,Average Precision
attack,0.2513953488372093,0.1711797307996833,0.47308533916849016,0.12093437967536519
investigation,0.6480078612297807,0.7598555177824268,0.5648624020411883,0.4852905411175721
mount,0.5529823673331646,0.41161140416980657,0.8422641994345926,0.41820408303057605
other,0.9155163627500942,0.9249523517146987,0.9062709538341992,0.8830409747099148
