Class,F1,Precision,Recall,Average Precision
attack,0.3810337462622811,0.2792153589315526,0.5997310623038996,0.4037785647417408
investigation,0.6995264116575591,0.7960698146842999,0.623866922252185,0.7227983608316533
mount,0.6987905731631531,0.6205110790389676,0.799671772428884,0.780763040543886
other,0.9238930388654325,0.9135927081421668,0.9344282809322697,0.9809292669350265
Macro Average,0.5931169103609978,0.5652654175516066,0.6744232523283228,0.6357799887057599
