Class,F1,Precision,Recall,Average Precision
attack,0.34626626167688696,0.23919239904988124,0.6268935463789168,0.4116874569495814
investigation,0.7147703703703704,0.7873204960835509,0.6544628323385784,0.7303302586703814
mount,0.7861964225447182,0.7313971742543172,0.8498723093761401,0.8340083505589677
other,0.9153133549863203,0.9147601169194164,0.9158672626442449,0.976550266299171
Macro Average,0.6157443515306585,0.5859700231292497,0.7104095626978785,0.6586753553929768
