Class,F1,Precision,Recall,Average Precision
attack,0.25151162790697673,0.17125890736342042,0.47330415754923416,0.2983706323241138
investigation,0.6491855770569399,0.7609497389033942,0.5660475843651371,0.6487597705176781
mount,0.554055764120302,0.4124018838304553,0.843934721151375,0.7418562651601126
other,0.9165221244540104,0.9260363166546208,0.9072014436723416,0.9746753532646444
Macro Average,0.4849176563614062,0.4482035100324233,0.6277621543552487,0.5629955560006349
