Class,F1,Precision,Recall,Average Precision
attack,0.6711979609175871,0.6880443388756928,0.6551568154402895,0.697238644250392
investigation,0.8136777178103315,0.8610802872062663,0.7712218649517685,0.890915117284313
mount,0.8981949909437261,0.9030455259026687,0.8933962850220538,0.943904393032778
other,0.9439811409960076,0.9194739905466687,0.9698304650237133,0.9886130300812067
Macro Average,0.7943568898905481,0.8173900506615426,0.773258321804704,0.8440193848558276
