Class,F1,Precision,Recall,Average Precision
attack,0.6620307244795927,0.5766429136975455,0.7771020059752454,0.7509877065550277
investigation,0.8225587514882194,0.8850359007832899,0.7683208431908655,0.9024244502573667
mount,0.9073124705142318,0.9057456828885401,0.9088846880907372,0.9548303504635994
other,0.947205080308913,0.9292087472097322,0.9659122641383987,0.9895570130415128
Macro Average,0.7973006488273479,0.789141499123125,0.8181025124189493,0.869414169091998
