Class,F1,Precision,Recall,Average Precision
attack,0.7080133739941948,0.7628661916072842,0.6605196407760334,0.7389620635275427
investigation,0.8113494697644297,0.8177708877284595,0.8050281124497992,0.8922183187025483
mount,0.9002359944082853,0.9401883830455259,0.8635406753756092,0.952458230001271
other,0.9441324037271127,0.9267590679706038,0.962169556353881,0.9884595900446028
Macro Average,0.8065329460556366,0.8402751541270899,0.776362809533814,0.8612128707437874
