Class,F1,Precision,Recall,Average Precision
attack,0.6676112464024795,0.5969121140142518,0.7573078854846811,0.7372923347169729
investigation,0.8150008037785246,0.8686847258485639,0.7675659308177007,0.8912434641547202
mount,0.8995485502412387,0.9102668759811617,0.8890797019227821,0.9498190256454538
other,0.9457651115526021,0.9271428297313028,0.9651508089752979,0.9887234242172023
Macro Average,0.7940535334740809,0.7919545719479926,0.8046511727417213,0.8594516081723823
