Class,F1,Precision,Recall,Average Precision
attack,0.6109365751491144,0.5311955661124307,0.7188471016822029,0.6949707301475903
investigation,0.8079783893399517,0.8712467362924282,0.7532768034764451,0.8890054962009235
mount,0.8967776482817275,0.8938775510204081,0.8996966249525976,0.9492118029093075
other,0.945590345727332,0.9271620178193377,0.9647660945205753,0.988461738476273
Macro Average,0.7718975375902645,0.7654399511417557,0.7906068433704152,0.844396009752607
