Class,F1,Precision,Recall,Average Precision
attack,0.6645680622386113,0.5850356294536817,0.7691266784636203,0.7584908446624725
investigation,0.8223554721472055,0.8795365535248042,0.7721555256296381,0.8934268197465727
mount,0.9136467942893226,0.9313029827315542,0.8966476225023428,0.9500496929707406
other,0.9444313710109686,0.924104715792436,0.9656723500671716,0.9888214873892172
Macro Average,0.8001901095583799,0.79862505523668,0.8126432755318671,0.8673224524599287
