Class,F1,Precision,Recall,Average Precision
attack,0.6653878752732301,0.5904988123515439,0.7620312659650557,0.7533119478163517
investigation,0.8259377464048361,0.8974053524804178,0.7650135633303192,0.894107222172789
mount,0.9131160584738756,0.9188069073783359,0.9074952708779112,0.9408306931330187
other,0.9446270543615675,0.9199792768649222,0.9706319000188949,0.988941664910625
Macro Average,0.8014805600506473,0.8022370240700992,0.8115133667244286,0.8627499543740531
