Class,F1,Precision,Recall,Average Precision
attack,0.6620168813860506,0.589944576405384,0.7541497975708502,0.7360966515794982
investigation,0.8222931388192387,0.8830124020887729,0.7693871747476184,0.8837938696108095
mount,0.9128595732725656,0.9181475667189953,0.9076321425245973,0.9491413308676222
other,0.9438771342210605,0.923746538149117,0.9649046620077767,0.9882003370661752
Macro Average,0.7990565311592849,0.7970348484043841,0.8103897049476886,0.8563439506859766
