Class,F1,Precision,Recall,Average Precision
attack,0.5746689982513115,0.4553444180522565,0.7787406905890318,0.746783665055327
investigation,0.8131309774380563,0.8983518276762402,0.7426779089376054,0.8928565683662241
mount,0.9125056829761551,0.9137519623233908,0.9112627986348123,0.953885356421403
other,0.9432176966430279,0.9200304450996821,0.9676039284272837,0.9881640472514271
Macro Average,0.7667685528885076,0.7558160693506292,0.8108937993871499,0.8645085299476514
