Class,F1,Precision,Recall,Average Precision
attack,0.5783906682483194,0.4632620744259699,0.769665877400684,0.7366044171666899
investigation,0.8104974195673658,0.9033779373368146,0.7349352804513773,0.8923450410709312
mount,0.8983333333333334,0.8969230769230769,0.899748031496063,0.9371069553654449
other,0.9433038050938684,0.916403896461077,0.9718306993149292,0.9886083429433641
Macro Average,0.7624071403830062,0.7545210295619538,0.801449729782708,0.8553521378676887
