Class,F1,Precision,Recall
other,0.9415834733616685,0.8901139973836666,0.9993705413344524
behavior-1,0.2505706314988588,0.9705304518664047,0.14385556202679092
