Class,F1,Precision,Recall,Average Precision
other,0.9560700876095118,0.9177078327727054,0.9977795193312434,0.99942308692978
behavior-1,0.21651785714285715,0.8508771929824561,0.12404092071611253,0.3746269078924843
