Class,F1,Precision,Recall,Average Precision
other,0.9145257968741247,0.8534356572288905,0.9850360823498178,0.9875951689952408
behavior-3,0.6398187054435579,0.916170903190914,0.4915487849111353,0.5517227857164662
