Class,F1,Precision,Recall,Average Precision
other,0.8967616149127395,0.82041242495432,0.9887793624161074,0.9827494276560744
behavior-0,0.2846787479406919,0.8014842300556586,0.17307692307692307,0.14761137656036974
