Class,F1,Precision,Recall,Average Precision
other,0.9649871904355252,0.9570863918690006,0.9730195177956372,0.9940546199780163
behavior-0,0.3457446808510638,0.4088050314465409,0.2995391705069124,0.29217764646375
