Class,F1,Precision,Recall
other,0.971952636703414,0.9456089959053963,0.9998061514603257
behavior-0,0.5427547363031233,0.9943714821763602,0.3732394366197183
