Class,F1,Precision,Recall,Average Precision
other,0.9440946140322839,0.901257170755523,0.9912074635881603,0.989095144871284
behavior-0,0.302353410450738,0.7431372549019608,0.1897846770155233,0.14878937829371064
