Class,F1,Precision,Recall,Average Precision
other,0.9442234760891685,0.9314718496213158,0.9573290818718935,0.9917294278118947
behavior-2,0.44881170018281535,0.5190274841437632,0.39533011272141705,0.4431292128224235
