Class,F1,Precision,Recall
other,0.8831859614029505,0.7941705502411904,0.9946751318416875
behavior-6,0.473840483259957,0.956989247311828,0.31487277180568785
