Class,F1,Precision,Recall,Average Precision
other,0.9624571506924449,0.9304347826086956,0.996762283442204,0.999018950053237
behavior-1,0.19988310929281122,0.75,0.1153068105192178,0.22785237852972906
