Class,F1,Precision,Recall,Average Precision
other,0.9586697577744024,0.9259040020589371,0.9938396088289732,0.99818202661678
behavior-2,0.7971753628874068,0.9647096059503086,0.6792200557103064,0.9422546569920403
