Class,F1,Precision,Recall,Average Precision
other,0.9535853705600332,0.911857382121668,0.9993155798904928,0.9996641852901477
behavior-1,0.24304042604696202,0.9580152671755725,0.13917382866648184,0.37819127499556443
