Class,F1,Precision,Recall,Average Precision
other,0.784880016988745,0.7772325809617272,0.7926794395195882,0.7816171199864382
behavior-3,0.40094618568894147,0.4122415889744629,0.39025326170376057,0.3119202913738919
