Class,F1,Precision,Recall
other,0.9272437599575146,0.8674483306836248,0.9958932238193019
behavior-4,0.16969696969696968,0.7954545454545454,0.09497964721845319
