Class,F1,Precision,Recall,Average Precision
other,0.6513288377627926,0.48358121042556323,0.9972669298511995,0.9715173615548283
behavior-5,0.17309501411100658,0.9761273209549072,0.09496774193548387,0.09395618786976372
