Class,F1,Precision,Recall,Average Precision
other,0.93605915615485,0.9406769077057575,0.9314865199109572,0.9300095620179875
behavior-6,0.3450031826861871,0.3284848484848485,0.3632707774798928,0.182055395574818
