Class,F1,Precision,Recall,Average Precision
other,0.9635920335314906,0.9325026511134676,0.9968259366320921,0.9991692492236008
behavior-1,0.20561864913329347,0.7543859649122807,0.11903114186851212,0.21448443154240573
