Class,F1,Precision,Recall,Average Precision
other,0.948564066049571,0.9022769786492937,0.9998570407433881,0.9973619848917943
behavior-3,0.8296845177949927,0.9994590208276981,0.7092130518234165,0.938785962611727
