Class,F1,Precision,Recall,Average Precision
other,0.9626065162907268,0.927908774642443,1.0,0.9999836823356563
behavior-4,0.17961876832844573,1.0,0.09867096254530809,0.731439956409026
