Class,F1,Precision,Recall
other,0.9512776831345826,0.9134133042529989,0.9924170616113744
behavior-5,0.3568215892053973,0.7880794701986755,0.23062015503875968
