Class,F1,Precision,Recall,Average Precision
other,0.9007786988193921,0.8227286631997552,0.9951896392229417,0.995709093950818
behavior-4,0.024691358024691357,0.36585365853658536,0.012776831345826235,0.008663884013455126
