Class,F1,Precision,Recall,Average Precision
other,0.9266621775917089,0.8633462440674268,1.0,0.9991988481057472
behavior-5,0.4216116370353267,1.0,0.2671152720889409,0.6938452151951323
