Class,F1,Precision,Recall,Average Precision
other,0.9411764705882353,0.9503369104067881,0.9321909424724603,0.9533779193793321
behavior-6,0.4042553191489362,0.36830102622576966,0.44798890429958393,0.3039163249662828
