Class,F1,Precision,Recall,Average Precision
other,0.9036803713527852,0.8304893655920531,0.9910188349938186,0.9947071934445677
behavior-6,0.517522006311244,0.9265536723163842,0.3590275377347621,0.6720902140693349
