Class,F1,Precision,Recall,Average Precision
other,0.9536853602904168,0.93114047927732,0.9773490485283466,0.9881919475321752
behavior-3,0.74637893625755,0.8604651162790697,0.6590038314176245,0.6943142729337178
