Class,F1,Precision,Recall,Average Precision
other,0.9532768502367306,0.914535022710973,0.9954462659380692,0.9974890910672237
behavior-0,0.2021276595744681,0.7307692307692307,0.11728395061728394,0.1248701586049489
