Class,F1,Precision,Recall,Average Precision
other,0.8052616926503341,0.8110192065049768,0.7995853489979268,0.9163045057068028
behavior-3,0.4209437086092715,0.4122415889744629,0.43002114164904864,0.5292240978463861
