Class,F1,Precision,Recall,Average Precision
other,0.9459139360442163,0.9258114374034003,0.966908797417272,0.9917214507536605
behavior-5,0.3686635944700461,0.49382716049382713,0.29411764705882354,0.3428121271194932
