Class,F1,Precision,Recall,Average Precision
other,0.8110775576342344,0.7196915234298412,0.9290474985235805,0.9504052092209389
behavior-6,0.41196698762035766,0.6811978771796816,0.2952678278015117,0.3011925548021327
