Class,F1,Precision,Recall,Average Precision
other,0.972616841671814,0.946978049513882,0.9996825732726695,0.999751793177113
behavior-0,0.5551839464882944,0.991044776119403,0.38559814169570267,0.7995303587024614
