Class,F1,Precision,Recall,Average Precision
other,0.7919774806474313,0.7888686387214355,0.7951109227073618,0.7841130712287012
behavior-3,0.4076152304609219,0.4122415889744629,0.40309155766944116,0.31721277090250843
