Class,F1,Precision,Recall,Average Precision
other,0.7057430432208408,0.5479619981612014,0.991130820399113,0.9846690816398719
behavior-5,0.1748754842280022,0.9080459770114943,0.09675443968156766,0.08959622683909937
