Class,F1,Precision,Recall,Average Precision
other,0.41322192905306354,0.2622813546706364,0.9734116022099447,0.9213863427119969
behavior-2,0.21231798504525776,0.9333910034602076,0.11978241563055061,0.11827224310078192
