Class,F1,Precision,Recall,Average Precision
other,0.7941237042630603,0.6850645505152198,0.9444807315480078,0.8973126473462942
behavior-2,0.5511151025295613,0.8441082072443833,0.4091111111111111,0.37733705861195044
