Class,F1,Precision,Recall,Average Precision
other,0.9382566585956417,0.8988112496375761,0.9813232035454258,0.9794015670198708
behavior-0,0.2714285714285714,0.562962962962963,0.17882352941176471,0.11713307753657018
