Class,F1,Precision,Recall,Average Precision
other,0.949682275383988,0.9114917973973452,0.9912129810250044,0.9949439285608473
behavior-0,0.32354956601187757,0.740847280334728,0.2069696084161309,0.2848085492206679
