Class,F1,Precision,Recall
other,0.9651490434524692,0.9434618730066686,0.9878567091681846
behavior-0,0.4470588235294118,0.7037037037037037,0.3275862068965517
