Class,F1,Precision,Recall,Average Precision
other,0.9570229434806938,0.9258336942399307,0.9903868427148482,0.9973594626037676
behavior-1,0.2350597609561753,0.5870646766169154,0.14694894146948942,0.2716762282016173
