Class,F1,Precision,Recall
other,0.9234133333333332,0.8601947535771065,0.9966612940363804
behavior-4,0.1699421965317919,0.8352272727272727,0.0945945945945946
