Class,F1,Precision,Recall
other,0.9602985074626865,0.932734125833575,0.9895416794832359
behavior-0,0.4316239316239316,0.7481481481481481,0.3033033033033033
