Class,F1,Precision,Recall,Average Precision
other,0.9326043165467626,0.9370807309738608,0.9281704662618857,0.985629907756508
behavior-2,0.7064427174730509,0.6920432220039293,0.7214541730670763,0.7729183356513428
