Class,F1,Precision,Recall,Average Precision
other,0.94286772878844,0.8919108369549978,1.0,0.9956598329491452
behavior-3,0.8648553900087643,1.0,0.7618900555898703,0.9538020893339046
