Class,F1,Precision,Recall,Average Precision
other,0.79416145367888,0.6703545385969324,0.9740591888929485,0.9779625429827266
behavior-6,0.364889705882353,0.8482905982905983,0.23243559718969556,0.39414951603035525
