Class,F1,Precision,Recall,Average Precision
other,0.8679970624381764,0.7819732116334963,0.9752871240443232,0.9853809139440138
behavior-2,0.2413867355727821,0.6563231850117096,0.1478891820580475,0.23864399682987017
