Class,F1,Precision,Recall,Average Precision
other,0.8956409114082184,0.8237319207894025,0.9813055424160385,0.9893691011316347
behavior-5,0.3329614842649131,0.7532709038985189,0.21371370428294173,0.2843131306647165
