Class,F1,Precision,Recall,Average Precision
other,0.8079704797047972,0.7155087902751455,0.9278752436647173,0.9491403201907009
behavior-6,0.4071542492595124,0.6774071266110689,0.29104234527687295,0.30458690099886276
