Class,F1,Precision,Recall
other,0.8428448333001923,0.8913500630870601,0.7993462408850892
behavior-3,0.4235351325066861,0.3530603972436157,0.5291616038882139
