Class,F1,Precision,Recall,Average Precision
other,0.6847152677586353,0.5207345015651725,0.9994425518736451,0.9959501104863893
behavior-4,0.030785285677015398,0.963265306122449,0.01564260621727315,0.015356145850041103
