Class,F1,Precision,Recall
other,0.9450619244204509,0.8958458759783263,1.0
behavior-1,0.0335195530726257,1.0,0.017045454545454544
