Class,F1,Precision,Recall,Average Precision
other,0.9335311400063996,0.8753477715345589,1.0,0.9992910287113821
behavior-5,0.4441741668693749,1.0,0.28549093183239527,0.7309838883691836
