Class,F1,Precision,Recall,Average Precision
other,0.9594340984553197,0.9233120311197555,0.9984975961538461,0.9992977253548215
behavior-0,0.40842105263157896,0.9509803921568627,0.26005361930294907,0.4315406580716985
