Class,F1,Precision,Recall,Average Precision
other,0.9029119916985536,0.8316606929510155,0.9875159597105972,0.9836033022145533
behavior-3,0.6040729965617561,0.9284552845528455,0.4476675813406507,0.36588313574614434
