Class,F1,Precision,Recall,Average Precision
other,0.9377028280018544,0.8827123452075719,1.0,0.9992687011470709
behavior-5,0.45925553319919515,1.0,0.2980737838720209,0.7116998698846114
