Class,F1,Precision,Recall,Average Precision
other,0.9317960619899678,0.872423945044161,0.9998393316195373,0.9944684613105733
behavior-3,0.8440869416395688,0.9995946493717065,0.7304502369668247,0.9366332979421118
