Class,F1,Precision,Recall,Average Precision
other,0.8437629506837961,0.7297491039426524,1.0,0.9653741039426523
behavior-3,0.5209656925031766,1.0,0.35223367697594504,0.35223367697594504
