Class,F1,Precision,Recall,Average Precision
other,0.9382331980293125,0.8867893583871232,0.9960132628088735,0.9985178887647358
behavior-4,0.03298729019113224,0.3594080338266385,0.017286963595688428,0.020327446691553883
