Class,F1,Precision,Recall,Average Precision
other,0.8336276933945602,0.741765149610259,0.9514594420254797,0.9723093007598832
behavior-6,0.35034482758620694,0.6784188034188035,0.2361472666418743,0.30356146855584343
