Class,F1,Precision,Recall,Average Precision
other,0.9204599625611869,0.852640875409271,1.0,0.9999237444255569
behavior-4,0.11005593859763238,1.0,0.05823237885462555,0.549748894526613
