Class,F1,Precision,Recall,Average Precision
other,0.8181470137825421,0.6947334200260078,0.99487895716946,0.9958853785345202
behavior-4,0.04923939151321057,0.6910112359550562,0.025529265255292654,0.018167663178825743
