Class,F1,Precision,Recall,Average Precision
other,0.9678939617083947,0.9594160583941606,0.9765230312035661,0.9756753596713005
behavior-0,0.42328042328042326,0.5031446540880503,0.365296803652968,0.20583954462772874
