Class,F1,Precision,Recall,Average Precision
other,0.5584193527958963,0.3876725578123626,0.9979628791308285,0.971896262814653
behavior-5,0.13022327553947863,0.9830508474576272,0.06973016297087897,0.0693043441889778
