Class,F1,Precision,Recall,Average Precision
other,0.9612058314801087,0.9281548250265111,0.9966976029152195,0.9992071761137973
behavior-1,0.1939532230462065,0.7456140350877193,0.11147540983606558,0.25371762440069495
