Class,F1,Precision,Recall,Average Precision
other,0.7874549692731513,0.7814383849712604,0.7935649202733486,0.7825179230015858
behavior-3,0.4033313503866746,0.4122415889744629,0.39479813664596275,0.3137938778417555
