Class,F1,Precision,Recall,Average Precision
other,0.8880129009138147,0.8059864152473641,0.9886270019326324,0.9922536745301013
behavior-5,0.3483324080217742,0.8542206282792056,0.2187712613961083,0.3584521810933185
