Class,F1,Precision,Recall,Average Precision
other,0.9024183560393716,0.8270011947431303,0.9929708793573375,0.9851936753487138
behavior-3,0.6120756672713138,0.9601626016260163,0.4492202358311145,0.39115259488255594
