Class,F1,Precision,Recall,Average Precision
other,0.9408185601305937,0.8912057917364666,0.9962807752750131,0.9985162101379238
behavior-4,0.037993768217911346,0.39957716701902746,0.019945124525116084,0.0172232958947317
