Class,F1,Precision,Recall
other,0.9347428971199814,0.8774810274372447,1.0
behavior-5,0.4751484839012191,1.0,0.3116031160311603
