Class,F1,Precision,Recall,Average Precision
other,0.9298270923067412,0.9102977967879913,0.9502127121856704,0.9465126299318531
behavior-6,0.43297252289758537,0.523771152296535,0.36900369003690037,0.23662736117173738
