Class,F1,Precision,Recall,Average Precision
other,0.825636307881018,0.7785102937774694,0.8788353570962266,0.9422956338864978
behavior-2,0.4380312314686697,0.5442043222003929,0.36652332120410186,0.46140410606015847
