Class,F1,Precision,Recall,Average Precision
other,0.8334055146528079,0.754591203189334,0.9306036914644958,0.9474140824463262
behavior-6,0.4350061199510404,0.6736163760424564,0.3212219812002892,0.3351898539815357
