Class,F1,Precision,Recall,Average Precision
other,0.9636928465692305,0.9421904047487035,0.9861996569116932,0.9945688218045308
behavior-0,0.3364072860300282,0.5771443514644351,0.23738840486178336,0.265287446480259
