Class,F1,Precision,Recall,Average Precision
other,0.9428301805330258,0.8953645021847874,0.9956101500625261,0.9986485427659791
behavior-4,0.028508542081542815,0.28752642706131076,0.014997794441993825,0.017391702964841375
