Class,F1,Precision,Recall,Average Precision
other,0.9595806874307026,0.9284785435630689,0.9928387679899882,0.998636143064702
behavior-4,0.11086474501108647,0.42134831460674155,0.06382978723404255,0.06877386858823514
