Class,Mean F1,Mean Precision,Mean Recall,Mean Average Precision,Std F1,Std Precision,Std Recall,Std Average Precision
other,0.7668416092814176,0.6836260458728732,0.9493880747790403,0.9374203979902382,0.17928416999049188,0.22842094860902118,0.06989242811053292,0.07215225822544329
behavior-0,0.2548024376998607,0.6669279413303173,0.20726221945901507,0.15762167828572174,0.1884083576761548,0.22205043001432642,0.18267592592479218,0.13577936063859872
