Class,F1,Precision,Recall,Average Precision
other,0.9333946008041355,0.8751077029122868,1.0,0.9999298161075636
behavior-4,0.12733293196869355,1.0,0.06799549911589776,0.5023789422342204
