Class,F1,Precision,Recall,Average Precision
other,0.9616208202931971,0.9286320254506892,0.997039735853353,0.999260497809464
behavior-1,0.20114285714285715,0.7719298245614035,0.11563731931668857,0.25609302128953537
