Class,F1,Precision,Recall,Average Precision
other,0.9764094862649396,0.9540813206970346,0.9998077785609022,0.9998170146225612
behavior-0,0.599787685774947,0.9947183098591549,0.42933130699088146,0.8415239521704848
