Class,F1,Precision,Recall
other,0.8966371220020856,0.844359887074997,0.9558149228845352
behavior-6,0.4399717514124294,0.6620616365568545,0.3294553146483342
