Class,F1,Precision,Recall,Average Precision
other,0.894623834273287,0.8201625439307921,0.983955647449931,0.988969287449003
behavior-5,0.34207876643364693,0.7897323504018064,0.21832369411548702,0.29664259192874964
