Class,F1,Precision,Recall
other,0.951092069649293,0.9067450460893084,1.0
behavior-4,0.12709894084215967,1.0,0.06786206896551725
