Class,F1,Precision,Recall
other,0.9741869992386616,0.9595757597400278,0.9892500828332659
behavior-2,0.8721493984557371,0.9432899592153816,0.8109868091501086
