Class,F1,Precision,Recall
other,0.9740761169332598,0.9494623655913978,1.0
behavior-3,0.8532778355879291,1.0,0.7441016333938294
