Class,F1,Precision,Recall
other,0.9775842838124708,0.9702531871585187,0.9850270093898416
behavior-2,0.8837469677178578,0.9197902505340843,0.8504219788112767
