Class,F1,Precision,Recall,Average Precision
other,0.9628375518496571,0.93269917880112,0.9949886901860808,0.9976864963708464
behavior-4,0.022893481717011128,0.1522198731501057,0.012377514182568335,0.013088824652729479
