Class,F1,Precision,Recall,Average Precision
other,0.7935080172076652,0.6652459016393443,0.9830426356589147,0.9817690228649965
behavior-1,0.05319784817692768,0.4587628865979381,0.028236040609137057,0.024190805030190894
