Class,F1,Precision,Recall,Average Precision
other,0.6546016837523625,0.4873369148119724,0.9966864318102546,0.9749799032133628
behavior-5,0.15235418130709766,0.966131907308378,0.08269758925846811,0.08144300359842195
