Class,F1,Precision,Recall,Average Precision
other,0.9470778346350659,0.9027082531125658,0.9960345560118963,0.9992149064223836
behavior-4,0.10681818181818183,0.6266666666666667,0.058385093167701865,0.10101578817089796
