Class,F1,Precision,Recall,Average Precision
other,0.6586721263527348,0.4918462434478742,0.9967542047801712,0.9762731521633856
behavior-5,0.17292700212615164,0.9708222811671088,0.09491701244813278,0.06430033690516183
