Class,F1,Precision,Recall
other,0.896010757507844,0.8171858392608945,0.991665839865066
behavior-6,0.49234135667396056,0.9305210918114144,0.33472180898542103
