Class,F1,Precision,Recall,Average Precision
other,0.9211082122002733,0.8571758902420225,0.995345923207733,0.9951136111576896
behavior-4,0.03053435114503817,0.36585365853658536,0.015932023366967606,0.009811632173950369
