Class,F1,Precision,Recall,Average Precision
other,0.967018886762626,0.9476696780926911,0.987174695929877,0.9955797416657399
behavior-0,0.3685887225230966,0.6051255230125523,0.26500229042601925,0.3008309221765212
