Class,F1,Precision,Recall,Average Precision
other,0.8813553573245599,0.7917910902553477,0.9937662536331651,0.9945871598185257
behavior-6,0.4777545535980891,0.951531370799881,0.3189474733379847,0.6717705641868945
