Class,F1,Precision,Recall,Average Precision
other,0.9678350677812626,0.9490413074250418,0.9873882075724307,0.9978855600631936
behavior-2,0.8267477203647415,0.9254628896977369,0.747061829330608,0.9356264933193656
