Class,F1,Precision,Recall,Average Precision
other,0.9586750470556601,0.9302534163921594,0.9888881184342821,0.9950930239248243
behavior-0,0.34075067024128686,0.6647489539748954,0.22909156452775775,0.2778106584147734
