Class,F1,Precision,Recall,Average Precision
other,0.9340820624082701,0.8798990141861024,0.9953760369917041,0.9940832346025608
behavior-0,0.15673469387755104,0.7384615384615385,0.08767123287671233,0.06876645472107802
