Class,F1,Precision,Recall
other,0.9152045400803972,0.9002605135839226,0.9306530730018274
behavior-2,0.3266992114156966,0.3762975778546713,0.28865295288652953
