Class,F1,Precision,Recall,Average Precision
other,0.9100592107439383,0.84052303556153,0.9921384781824738,0.9883896771975115
behavior-0,0.23645043527099133,0.7943396226415095,0.13889805344770703,0.11678345842189788
