Class,F1,Precision,Recall
other,0.9700402819738169,0.9418810731528449,0.9999351197041458
behavior-0,0.5277777777777778,0.99812382739212,0.35873229939312207
