Class,F1,Precision,Recall
other,0.922335096671504,0.9165426125790844,0.9282012626024687
behavior-2,0.32202697180220685,0.3408304498269896,0.30518977536793185
