Class,F1,Precision,Recall,Average Precision
other,0.8152180793821611,0.6965599307659022,0.9826033877613307,0.9881968825169744
behavior-1,0.05196492367651835,0.41237113402061853,0.02772963604852686,0.03347196514649696
