Class,F1,Precision,Recall,Average Precision
other,0.9001388165885823,0.8481157524728195,0.9589610869766152,0.9515540514923725
behavior-6,0.3986415882967607,0.632145816072908,0.29111026325829836,0.2170598492203304
