Class,F1,Precision,Recall
other,0.9502622764330405,0.9052378085490669,1.0
behavior-1,0.03671970624235006,1.0,0.018703241895261846
