Class,F1,Precision,Recall,Average Precision
other,0.9596164827430513,0.9298931926392999,0.9913026777875329,0.9977319341622879
behavior-2,0.7978730475240944,0.949833834467479,0.68782947513179,0.931750710820334
