Class,F1,Precision,Recall,Average Precision
other,0.9600898910322795,0.9335638107041518,0.9881674678726471,0.9951230870668218
behavior-0,0.340103986135182,0.6414748953974896,0.23139326478634092,0.2801549895237395
