Class,F1,Precision,Recall,Average Precision
other,0.8624946785866326,0.8256870051234281,0.902737110120942,0.8862856803876111
behavior-2,0.5294484911550469,0.6247544204322201,0.4593716143011918,0.35890709725816405
