Class,F1,Precision,Recall,Average Precision
other,0.6849179400113187,0.5241446513642269,0.9879591836734694,0.988832372156212
behavior-1,0.0599409033347404,0.7064676616915423,0.03129821467930351,0.07754409827576288
