Class,F1,Precision,Recall,Average Precision
other,0.8823879890015135,0.8048594420890605,0.9764445718497891,0.9873821258312985
behavior-2,0.26277575448282264,0.6632318501170961,0.16384622060227372,0.28366841313540914
