Class,F1,Precision,Recall
other,0.9183712976705168,0.8734503498220204,0.9681632653061224
behavior-6,0.5278088839119075,0.7513283740701382,0.40678941311852707
