Class,F1,Precision,Recall,Average Precision
other,0.8456046152967385,0.7354928457869634,0.9944914684938869,0.9914022977734251
behavior-4,0.09081735620585268,0.7670454545454546,0.04826599928494816,0.04102612161061365
