Class,F1,Precision,Recall,Average Precision
other,0.8388916308256363,0.7518958543983822,0.9486525275075746,0.9355478664656085
behavior-6,0.3435794311979316,0.65,0.233502538071066,0.18823498307952624
