Class,F1,Precision,Recall,Average Precision
other,0.9303227056885358,0.869722775865193,1.0,0.9999244853475584
behavior-4,0.12148717053587013,1.0,0.06467199405314997,0.551658457823481
