Class,F1,Precision,Recall
other,0.9454108469100293,0.8968417118295645,0.9995417812213613
behavior-1,0.2644013804088134,0.9783889980353635,0.15285451197053407
