Class,F1,Precision,Recall,Average Precision
other,0.9362725574374355,0.8986592660178426,0.9771719909055416,0.991242422069851
behavior-5,0.4105830874122316,0.6699209669920967,0.2959974176888315,0.3216236838807206
