Class,F1,Precision,Recall,Average Precision
other,0.7642302586588359,0.6204441541476159,0.994763849617761,0.9923891135998254
behavior-4,0.04185058034984469,0.7191011235955056,0.021552449907391816,0.018726696729765274
