Class,F1,Precision,Recall,Average Precision
other,0.5599285376490988,0.3888199664307086,1.0,0.9678437496165493
behavior-5,0.1537839749419016,1.0,0.0832968476357268,0.0832968476357268
