Class,F1,Precision,Recall
other,0.9364426509390036,0.8805458260361938,0.9999171362280411
behavior-5,0.4809885931558936,0.9986842105263158,0.3167779632721202
