Class,F1,Precision,Recall,Average Precision
other,0.6195872420262664,0.4511968521149852,0.9885057471264368,0.9833608526338966
behavior-1,0.054820063397352216,0.7538461538461538,0.028444272445820432,0.026579591683603725
