Class,F1,Precision,Recall,Average Precision
other,0.9226770630279402,0.856453558504222,1.0,0.9999058089755117
behavior-4,0.11264980026631158,1.0,0.05968675038803443,0.4600053600679456
