Class,F1,Precision,Recall,Average Precision
other,0.9030069580705654,0.8419769922497367,0.9735757443287381,0.9883771720402303
behavior-2,0.27788259393024634,0.6036299765807962,0.18048455990476858,0.255397332070032
