Class,F1,Precision,Recall,Average Precision
other,0.9224558428612479,0.8777510734249683,0.971958704314218,0.9872313503944554
behavior-2,0.30467283773897,0.5607728337236534,0.2091540376468533,0.27822322937631805
