Class,F1,Precision,Recall,Average Precision
other,0.9568655324063792,0.9172983561877183,1.0,0.999467794925019
behavior-5,0.5639874270318814,1.0,0.39274546591619763,0.7772843685989872
