Class,F1,Precision,Recall,Average Precision
other,0.8796331734288548,0.7990805001215198,0.9782470350014464,0.9877990094321187
behavior-2,0.2672758940487231,0.6918032786885245,0.1656340239423589,0.23073977676008792
