Class,F1,Precision,Recall,Average Precision
other,0.9311025667671204,0.9016987360115932,0.9624887208353027,0.9574435249744386
behavior-6,0.483081241228754,0.6395540875309661,0.3881232773740917,0.2802460749893885
