Class,F1,Precision,Recall,Average Precision
other,0.7343178036605658,0.5853893089269134,0.9848806070073645,0.9396600927814485
behavior-2,0.3853926096997691,0.936623012160898,0.24260964380906228,0.23510436086558523
