Class,F1,Precision,Recall,Average Precision
other,0.8534335046790563,0.7536957280875335,0.9835941060306851,0.9833673578062077
behavior-6,0.3106013639181649,0.8226600985221675,0.19144058081773022,0.3151257888885479
