Class,F1,Precision,Recall,Average Precision
other,0.9490878816301151,0.9415959181966459,0.9567000233709393,0.9904517140884356
behavior-3,0.6892648099311764,0.7244456462952947,0.6573426573426573,0.7363055191458963
