Class,F1,Precision,Recall,Average Precision
other,0.9688452596228364,0.9397614513380775,0.999786734911495,0.9997542233874023
behavior-0,0.5248226950354611,0.9940298507462687,0.35653104925053536,0.7893678747134033
