Class,F1,Precision,Recall,Average Precision
other,0.7652692062140882,0.6345135866368663,0.963902787705504,0.9636042024108227
behavior-2,0.5446539149580295,0.9073819348922513,0.3891073535194652,0.5846544382756738
