Class,F1,Precision,Recall,Average Precision
other,0.9652211953846994,0.9358960763520678,0.9964434910240487,0.999174824246132
behavior-1,0.20599250936329588,0.7236842105263158,0.12008733624454149,0.16061468092397832
