Class,F1,Precision,Recall,Average Precision
other,0.9472294659427507,0.925985063530684,0.9694715567604382,0.9911184549712769
behavior-5,0.40036334176220756,0.5415421398684998,0.3175728306589812,0.3198203097277812
