Class,F1,Precision,Recall,Average Precision
other,0.6900115968335603,0.5279706790123457,0.9955623454095737,0.9919005933586745
behavior-1,0.04042453566411738,0.809375,0.020729950376180566,0.019102998707672368
