Class,F1,Precision,Recall,Average Precision
other,0.6540027137042063,0.4867930391547545,0.9961844197138314,0.9718165374575266
behavior-5,0.1685477802859293,0.9655172413793104,0.09233305853256389,0.09091802788700377
