Class,F1,Precision,Recall,Average Precision
other,0.814083042412538,0.7162930527416509,0.9427956989247311,0.9560342665588408
behavior-6,0.4407953529937444,0.7479150871872631,0.31248020272410515,0.37112064851030335
