Class,F1,Precision,Recall,Average Precision
other,0.9321083638115679,0.8899878716908536,0.9784137931034482,0.9899013083133346
behavior-3,0.6756304279585643,0.8730394808004327,0.5510325994196962,0.7243931529128657
