Class,F1,Precision,Recall,Average Precision
other,0.9760640344801047,0.9533426881828205,0.9998948751642576,0.999781262413471
behavior-0,0.5888056412516527,0.9970149253731343,0.41776110068792993,0.8198637929301068
