Class,F1,Precision,Recall
other,0.9377152992568053,0.8827344483082188,1.0
behavior-4,0.1037755747732546,1.0,0.054727474972191326
