Class,F1,Precision,Recall,Average Precision
other,0.9674935842600513,0.9541619797525309,0.981203007518797,0.9951158565386323
behavior-0,0.41237113402061853,0.5517241379310345,0.3292181069958848,0.3089968508082861
