Class,F1,Precision,Recall,Average Precision
other,0.8035129295323065,0.8080751436983037,0.7990019406709177,0.842028080352379
behavior-3,0.4191221924582732,0.4122415889744629,0.42623637887678123,0.45720806469308406
