Class,F1,Precision,Recall,Average Precision
other,0.935589092332449,0.8820214847182034,0.9960840345028311,0.9971891894562569
behavior-4,0.033019307900382426,0.37420718816067655,0.01727166276346604,0.0150950924892942
