Class,F1,Precision,Recall,Average Precision
other,0.8284407304686093,0.7515848637343965,0.9228053281977211,0.9483064378537965
behavior-6,0.4130622304374615,0.6353297952994693,0.3060069381048019,0.36619774391143817
