Class,F1,Precision,Recall,Average Precision
other,0.953751090280478,0.948914725440174,0.958637006992416,0.991040987766153
behavior-3,0.7119198795575047,0.73526230394808,0.6900139576195914,0.7487646720435398
