Class,F1,Precision,Recall,Average Precision
other,0.5536136041568258,0.3834242093784079,0.9954699886749717,0.9786045230973632
behavior-5,0.09163729573854534,0.9470198675496688,0.04814814814814815,0.047286442071210286
