Class,F1,Precision,Recall,Average Precision
other,0.30076726342710997,0.177001806140879,1.0,0.9985162292178021
behavior-1,0.004369992716678806,1.0,0.0021897810218978104,0.0021897810218978104
