Class,F1,Precision,Recall
other,0.8519132568472711,0.9004626384410487,0.808331235841933
behavior-3,0.45814122785731626,0.38265099310903933,0.5707376058041113
