Class,F1,Precision,Recall,Average Precision
other,0.9025829290677855,0.8224611708482676,1.0,0.9772528375149343
behavior-3,0.6234161175874303,1.0,0.4528718703976436,0.4528718703976436
