Class,F1,Precision,Recall,Average Precision
other,0.8260869565217391,0.7037037037037037,1.0,0.962037037037037
behavior-3,0.49797570850202433,1.0,0.33153638814016173,0.33153638814016173
