Class,F1,Precision,Recall,Average Precision
other,0.9768515629874588,0.9547505793389438,1.0,0.9998337626701703
behavior-0,0.5859375,1.0,0.4143646408839779,0.8498902299827704
