Class,F1,Precision,Recall,Average Precision
other,0.8996985252179581,0.8377845220030349,0.9714939292627134,0.9911798962360692
behavior-5,0.16655382532159785,0.43157894736842106,0.10318791946308725,0.11088263587247153
