Class,F1,Precision,Recall
other,0.95477613623548,0.9232279171210469,0.9885567491826249
behavior-5,0.33719008264462813,0.6754966887417219,0.22466960352422907
