Class,F1,Precision,Recall,Average Precision
other,0.9505867819641755,0.9445194550141156,0.9567325624766878,0.9533884339976972
behavior-6,0.5971802618328298,0.6301806588735388,0.5674641148325359,0.3958971632933837
