Class,F1,Precision,Recall
other,0.9774004397752261,0.9559139784946237,0.9998750312421895
behavior-3,0.8691654879773691,0.9991869918699187,0.7690863579474343
