Class,F1,Precision,Recall,Average Precision
attack,0.25843172873145626,0.16896278701504355,0.5492921492921493,0.1328685548040911
investigation,0.7237220860801437,0.8567762813807531,0.626438498583908,0.570162169802373
mount,0.7774124927480178,0.6942351168048229,0.8832341309471498,0.6503378193362063
other,0.928603431980142,0.9080036327820203,0.950159620391254,0.9176457978831832
