Class,F1,Precision,Recall,Average Precision
attack,0.25734181047532545,0.16825019794140933,0.546975546975547,0.38313222277093967
investigation,0.7258184626416968,0.8588772845953002,0.6284567989683336,0.7136134450556616
mount,0.77791255735457,0.6946624803767661,0.8838333399912116,0.8621763059205982
other,0.929866443418316,0.9093298880055262,0.9513520385971721,0.9827304849702261
Macro Average,0.5870242768238642,0.5739299876378253,0.6864218953116974,0.6529739912490665
