Class,F1,Precision,Recall,Average Precision
attack,0.3369014084507042,0.2367379255740301,0.583984375,0.4478062167995141
investigation,0.7216855394195296,0.8283779373368146,0.6393405458507034,0.7452127148844999
mount,0.7721638690938566,0.7178335949764522,0.8353916983338205,0.8677057629383687
other,0.927438373993287,0.9092659277120764,0.9463520170416723,0.9820777900550504
Macro Average,0.6102502723213635,0.5943164859624323,0.686238873061508,0.6869082315407943
