Class,F1,Precision,Recall,Average Precision
attack,0.1923076923076923,0.14386376981796828,0.28994082840236685,0.12175385357464281
investigation,0.8175876241580089,0.8792743569279882,0.7639889048914493,0.8447915252884696
mount,0.4606908874329958,0.4150791521330829,0.5175644028103045,0.4541541967863539
other,0.9238692810457517,0.8978910815617854,0.9513954949295522,0.9804269613399051
Macro Average,0.4901954012995657,0.4794057596263464,0.5238313787013736,0.47356652521648873
