Class,F1,Precision,Recall,Average Precision
attack,0.18899763752953092,0.11686143572621036,0.49382716049382713,0.0976399065314619
investigation,0.7072509373326191,0.8758757928775756,0.5930718917553266,0.5477068605260496
mount,0.6484436719860958,0.5226250106121063,0.8540510543840177,0.4994036195008245
other,0.9339648577106455,0.9105556576609691,0.9586094583917831,0.9279699228307865
