Class,F1,Precision,Recall
attack,0.8655466582927722,0.8516840045318776,0.8798680570334113
investigation,0.9017361410506822,0.932033944278684,0.8733461141852933
mount,0.901233690890578,0.9301529889046386,0.8740584236634209
other,0.9557677435281275,0.9382641720908922,0.9739367974215863
