Class,F1,Precision,Recall,Average Precision
attack,0.31964878974845756,0.21330166270783849,0.6374822527212494,0.42804898268540104
investigation,0.7070928815294174,0.8567558746736292,0.6019421928205363,0.7190579502028769
mount,0.6597834493426141,0.5356985871271586,0.8586814292903875,0.8212894162616343
other,0.9332382617528984,0.9166533416055312,0.9504343789375953,0.9839377484798291
Macro Average,0.5621750402068297,0.5352520415028755,0.6993686249440577,0.6561321163833042
