Class,F1,Precision,Recall,Average Precision
attack,0.9697066326530612,0.9864835640138409,0.9534908026755853,0.9409143098682022
investigation,0.9443980872300137,0.9611399175274569,0.9282295141435409,0.9040104270351539
mount,0.9492583471737014,0.9843221093889186,0.9166067577282531,0.9028937725420793
other,0.9734232955113565,0.9620608417923663,0.9850573503104283,0.9715883153206065
