Class,F1,Precision,Recall,Average Precision
attack,0.4590752655992817,0.35402723286406645,0.6527659574468085,0.5430258551932237
investigation,0.6359023686425394,0.7527040874416486,0.5504808693117949,0.6179701438942625
mount,0.602247191011236,0.47651747394236665,0.8181052631578948,0.7960108135876007
other,0.9217949314112996,0.9127543972741504,0.9310163441668232,0.9808884037799377
Macro Average,0.5657416084176856,0.527749598082694,0.673784029972166,0.652335604225029
