Class,Mean F1,Mean Precision,Mean Recall,Mean Average Precision,Std F1,Std Precision,Std Recall,Std Average Precision
attack,0.30583819489036024,0.206914753233043,0.5918091709878232,0.16127990021033392,0.04199293186864009,0.03494731306376197,0.0453912960572182,0.0246152610266722
investigation,0.7164405717383081,0.846207069386332,0.621570812283955,0.5617392663561189,0.009623576808550088,0.016896984473686316,0.019125303150689974,0.012548276875012808
mount,0.7362258848804494,0.6490622121744954,0.8588236661869719,0.5999219899868637,0.06640898877667793,0.09896135298873625,0.024215930994016494,0.07300471749421235
other,0.9292353828690764,0.9107793852411836,0.9484616552417791,0.9170826623717213,0.002858974240207175,0.004329478690271621,0.0024393570385438552,0.003077694590131726
