Class,F1,Precision,Recall,Average Precision
attack,0.975120303061329,0.9808444902162718,0.9694625407166124,0.9973483627424129
investigation,0.945944509004185,0.9650309553143185,0.9275984061371169,0.9905183766655564
mount,0.9559555725775565,0.9756192895881175,0.937068844150359,0.991600234663944
other,0.9738808685693274,0.9625182184702163,0.985514998585222,0.997929784460327
Macro Average,0.9590067948810236,0.9738315783729026,0.9447099303346961,0.9931556580239711
