Class,F1,Precision,Recall,Average Precision
attack,0.9762343404568901,0.9900046707146193,0.9628418279276824,0.9535056649833666
investigation,0.9455834788139608,0.958340953147288,0.9331611984151716,0.906539174084855
mount,0.9470767654660179,0.9795308963059288,0.9167042278914631,0.8990830787099662
other,0.9755105610705382,0.9656375536777947,0.9855875439619673,0.9730682364530051
