Class,F1,Precision,Recall,Average Precision
attack,0.3979445886528579,0.2973871733966746,0.6012485993276773,0.4576510222896075
investigation,0.7154270976423425,0.8328981723237598,0.6269962164021424,0.7315349871255945
mount,0.7384156530175898,0.6451805337519623,0.8631494938463478,0.8748592611485391
other,0.9290739944494392,0.9121441409173185,0.9466441861545712,0.9827156221508015
Macro Average,0.6172624464375968,0.5918219598241322,0.6971314365253892,0.6880150901879137
