Class,F1,Precision,Recall,Average Precision
attack,0.4590752655992817,0.35402723286406645,0.6527659574468085,0.26432973337351645
investigation,0.6359023686425394,0.7527040874416486,0.5504808693117949,0.4659259481097847
mount,0.602247191011236,0.47651747394236665,0.8181052631578948,0.4405277186165235
other,0.9216126776975064,0.9125530736570058,0.930853968552867,0.9056965262685581
