Class,F1,Precision,Recall,Average Precision
attack,0.36539475997889925,0.31154422788605696,0.4417517006802721,0.15454736231710867
investigation,0.7749365856158241,0.8138690059738443,0.7395588810641628,0.6528842990323281
mount,0.7691843993007416,0.8123249299719888,0.73039496279336,0.6041818341728209
other,0.9240232479272158,0.9048082538446565,0.9440720694887511,0.9154733634334771
