Class,F1,Precision,Recall,Average Precision
attack,0.36539475997889925,0.31154422788605696,0.4417517006802721,0.34479228910858317
investigation,0.7750914626346357,0.8138397893945092,0.7398651948813129,0.819922222066576
mount,0.7691843993007416,0.8123249299719888,0.73039496279336,0.8370539837450255
other,0.9239707291983261,0.9048262283071569,0.9439428680615267,0.9817917850512508
Macro Average,0.6365568739714255,0.6459029824175183,0.637337286118315,0.6672561649733949
