Class,F1,Precision,Recall,Average Precision
attack,0.32071665875652583,0.21401425178147268,0.6396119261713203,0.17477306707728196
investigation,0.7055301589870141,0.8551255230125523,0.6004820383335246,0.5473175122044008
mount,0.6596156077187827,0.53557523235368,0.8584297936587821,0.5162044872972933
other,0.9323574609954939,0.9157680647760851,0.9495589893228994,0.9198399040517602
