Class,F1,Precision,Recall,Average Precision
attack,0.425136776589871,0.3353127474267617,0.5806938159879337,0.4757144476732702
investigation,0.7317789056963067,0.8340404699738904,0.6518550639611259,0.7454755547431083
mount,0.7909205287740646,0.7204081632653061,0.8767337893087769,0.889997981759115
other,0.9279183777313158,0.9097840060890199,0.9467903831305413,0.9820683614305858
Macro Average,0.6492787370200808,0.629920460221986,0.7030942230859455,0.7037293280584979
