Class,F1,Precision,Recall
attack,0.4674432497013143,0.3611816293561043,0.6622936944561998
investigation,0.6541138544948347,0.7623818740749174,0.5727727642102561
mount,0.6703730797366495,0.5618638871857756,0.8308250226654579
other,0.9228543426517944,0.9125899944618793,0.9333522137260455
