Class,F1,Precision,Recall
attack,0.5874855156431055,0.4680360027694438,0.7887981330221704
investigation,0.7367716366752357,0.7831606512581123,0.6955708362827384
mount,0.8916776750330251,0.9104843654199878,0.8736321920225909
other,0.9301880125713649,0.9233708694849547,0.9371065647482014
