Class,F1,Precision,Recall,Average Precision
attack,0.4141689373297003,0.42066420664206644,0.407871198568873,0.38211835142404893
investigation,0.7795636922781221,0.8409880255041211,0.7265012762527429,0.8271532390597082
mount,0.5938400576368875,0.5749912800837111,0.6139664804469274,0.6216419483323432
other,0.9108520371885859,0.87663980993699,0.9478430825073293,0.9764652683931456
Macro Average,0.5958575624149033,0.6122145040766329,0.5827796517561811,0.6103045129387001
