Class,F1,Precision,Recall,Average Precision
attack,0.18899763752953092,0.11686143572621036,0.49382716049382713,0.3427970039205681
investigation,0.7072509373326191,0.8758757928775756,0.5930718917553266,0.6745872920040451
mount,0.6484436719860958,0.5226250106121063,0.8540510543840177,0.787156623446763
other,0.9340642965263561,0.9106869762035847,0.9586734283184416,0.9852288421248023
Macro Average,0.5148974156160819,0.5051207464052974,0.6469833688777239,0.6015136397904587
