Class,F1,Precision,Recall,Average Precision
attack,0.33836619718309857,0.23776722090261282,0.5865234375,0.17619807874962867
investigation,0.7200694701477666,0.8267194037656904,0.6377918999344329,0.5677381170615831
mount,0.7716495541745475,0.7173762873649837,0.8348070739549839,0.6332236633270917
other,0.926745255631593,0.9085664581654451,0.9456663560111837,0.9137622851802205
