Class,F1,Precision,Recall,Average Precision
attack,0.43373245251857967,0.33269992082343625,0.6228876371182923,0.4561830012048833
investigation,0.738636970774785,0.789605091383812,0.6938497497741515,0.7770077673615291
mount,0.8565828054885062,0.8300784929356358,0.8848355031962247,0.8979082898538582
other,0.9187483178037246,0.9169795391021254,0.9205239333525956,0.9772305041308489
Macro Average,0.6763174095939569,0.6507945017142948,0.7338576300295561,0.7103663528067568
