Class,F1,Precision,Recall,Average Precision
attack,0.4158444714459295,0.33871733966745843,0.5384518565135306,0.43664062605174536
investigation,0.7374502561479264,0.799853133159269,0.6840797755788475,0.7732723082958646
mount,0.8513160862141178,0.8296389324960753,0.8741564112743152,0.8891332235600946
other,0.9204873149078183,0.9085239883080584,0.9327699086569086,0.9771165313292093
Macro Average,0.6682036046026578,0.6560698017742675,0.6988960144555644,0.6996820526359016
