Class,F1,Precision,Recall,Average Precision
attack,0.2879242115361554,0.19010292953285826,0.5931324110671937,0.39071782581228304
investigation,0.6830327742514046,0.7954634464751958,0.5984482038942225,0.6886625145268546
mount,0.6459227467811159,0.5292307692307693,0.8286304198210599,0.7688343746439547
other,0.9206295384024824,0.9203822267136562,0.9208769830350115,0.9779593334088226
Macro Average,0.5389599108562253,0.5049323817462744,0.6734036782608254,0.6160715716610308
