Class,F1,Precision,Recall,Average Precision
attack,0.9487524808619222,0.9531439151178523,0.9444013264658153,0.9907162935828873
investigation,0.9450025423612353,0.9379838088158066,0.9521271072034339,0.990291300484938
mount,0.9567277972388214,0.9733072461742716,0.9407037212129399,0.9933670203202879
other,0.9770140887459323,0.9786340084785681,0.9753995230136523,0.9981950497463208
Macro Average,0.9501609401539929,0.9548116567026433,0.9457440516273964,0.9914582047960376
