Class,F1,Precision,Recall,Average Precision
attack,0.9747798520605847,0.9853307697785374,0.9644524987802328,0.9976503491897786
investigation,0.9723343821753551,0.974751573764007,0.9699291492480591,0.9972770792290044
mount,0.9737577748270319,0.9736216896093913,0.9738938980918431,0.9971951344140535
other,0.9882854334578337,0.9866949285602136,0.9898810742695124,0.9995098571386668
Macro Average,0.9736240030209906,0.9779013443839787,0.969425182040045,0.9973741876109455
