Class,F1,Precision,Recall,Average Precision
attack,0.9411138323927164,0.9440290536210212,0.9382165605095542,0.9892670772052481
investigation,0.9385523787016797,0.9209332778622726,0.9568587990192605,0.9884120071308002
mount,0.9510927575285657,0.9495143595835371,0.9526764118203807,0.9924127811848553
other,0.974606678258379,0.9830428638718794,0.9663140543827536,0.9977481725660304
Macro Average,0.9435863228743205,0.9381588970222771,0.9492505904497318,0.9900306218403013
