Class,F1,Precision,Recall,Average Precision
attack,0.4195220125786163,0.33008709422011084,0.5754313319530711,0.43238191204325
investigation,0.7345905040888563,0.7857049608355091,0.6897203758881504,0.7617571475909944
mount,0.859393111770964,0.8496389324960754,0.8693738554952293,0.9061705534818079
other,0.9216176669653274,0.9144850876575822,0.9288623828178292,0.9775881302152314
Macro Average,0.6711685428128122,0.6551436625172318,0.7115085211121502,0.7001032043720175
