Class,F1,Precision,Recall,Average Precision
attack,0.33970007892659826,0.25558194774346793,0.5063529411764706,0.35921590919193935
investigation,0.7140261002879257,0.779014360313316,0.6590460412783875,0.7369408344681891
mount,0.777174005621327,0.7162323390894819,0.8494507540495252,0.8573197964959478
other,0.9259404902346311,0.9262218015056253,0.9256593497909769,0.9804115384963233
Macro Average,0.6103000616119503,0.5836095490487553,0.6716165788347944,0.6511588467186921
