Class,F1,Precision,Recall,Average Precision
attack,0.17090734517522801,0.12684085510688836,0.2618930848455125,0.1927984219973983
investigation,0.589224181432835,0.6669060052219321,0.5277512332446602,0.5716657651175203
mount,0.49176672384219555,0.36006279434850863,0.7753887762001352,0.6484552151272489
other,0.8733212749407233,0.8940305858123277,0.8535496635361073,0.9438297927548323
Macro Average,0.4172994168167528,0.38460321822577637,0.5216776980967693,0.47097313408072256
