Class,F1,Precision,Recall,Average Precision
attack,0.377576164874552,0.26690419635787804,0.6450440107156525,0.45533003732253774
investigation,0.7460181745269101,0.8044712793733682,0.6954841076139554,0.7799247316770314
mount,0.863964464186563,0.8549450549450549,0.8731762065095399,0.9028062337624334
other,0.921300938423962,0.916781262192431,0.9258653989006091,0.9789090790927855
Macro Average,0.6625196011960083,0.642106843558767,0.7379014416130492,0.7126870009206675
