Class,F1,Precision,Recall,Average Precision
attack,0.4066186449525003,0.3083927157561362,0.5966605392156863,0.41839099000823493
investigation,0.6736340453994398,0.7888707571801566,0.5877732655691462,0.689524234862351
mount,0.5537752644255943,0.4150706436420722,0.8317080843032401,0.7675350706843995
other,0.9207960864923436,0.9240087753522613,0.9176056606410142,0.9783958960396025
Macro Average,0.5446759849258448,0.5041113721927883,0.6720472963626909,0.6251500985183285
