Class,F1,Precision,Recall,Average Precision
attack,0.48582183186951067,0.3832145684877276,0.6634681288553804,0.5241315813370004
investigation,0.7487564279874382,0.7995430809399477,0.7040363254925064,0.785485493711396
mount,0.8524402788890159,0.8195604395604396,0.8880685877589902,0.8997748892504422
other,0.9203678729422468,0.9188343876121704,0.921906485438887,0.9786552054826307
Macro Average,0.6956728462486549,0.6674393629960383,0.7518576807022924,0.7364639880996129
