Class,F1,Precision,Recall,Average Precision
attack,0.942491219356441,0.945880509862565,0.9391261312217195,0.9875942450300454
investigation,0.9400439417926458,0.9294108018523697,0.950923199307775,0.9885321868431308
mount,0.9387275868431204,0.9776745161064915,0.902764783688744,0.9875668421427051
other,0.9757283913061886,0.9770168001256084,0.9744433761051831,0.9980355913174181
Macro Average,0.9404209159974024,0.9509886092738086,0.9309380380727461,0.9878977580052938
