Class,F1,Precision,Recall,Average Precision
attack,0.9319586172804633,0.9397564622943816,0.9242891161227063,0.9813605495116322
investigation,0.937049895570611,0.9286810391275584,0.9455709563623232,0.9874059275296072
mount,0.9416370350109409,0.9622318496261617,0.9219053357434559,0.9884398334963371
other,0.9740859392632344,0.9758172397550636,0.972360771257455,0.997585767909921
Macro Average,0.9368818492873384,0.9435564503493673,0.9305884694094951,0.9857354368458587
