Class,F1,Precision,Recall,Average Precision
attack,0.20152806998117592,0.14410134600158353,0.33505154639175255,0.2095728563647335
investigation,0.5821182130874254,0.6752447780678851,0.5115655173266409,0.5575209284332387
mount,0.5011990407673861,0.380596546310832,0.7336884154460719,0.6013549263574651
other,0.8752491183823227,0.8834195731290015,0.8672284103323998,0.9431978969148185
Macro Average,0.4282817746119958,0.3999808901267669,0.5267684930548218,0.45614957038514575
