Class,F1,Precision,Recall,Average Precision
attack,0.6783002530971094,0.6269391775424772,0.738827626233314,0.690253094351454
investigation,0.64146913104103,0.67090728559017,0.6145057693400784,0.6665647735981032
mount,0.8152677911430684,0.8384243261921216,0.7933560031388962,0.812148099467267
other,0.8609975220011625,0.8499466468018281,0.8723395462247386,0.9008349104664723
Macro Average,0.7116790584270692,0.7120902631082563,0.7155631329040961,0.722988655805608
