Class,F1,Precision,Recall,Average Precision
attack,0.4255629235589886,0.3359797491658037,0.5802861685214626,0.4999261214870154
investigation,0.5921995070320429,0.7044012141280354,0.5108309570263645,0.6570690278249164
mount,0.7972075891901151,0.9115572967678747,0.7083491894360301,0.9101575662496013
other,0.8901544495857847,0.8615160152925442,0.9207623447877563,0.963111511377589
Macro Average,0.6049900065937156,0.6506460866872379,0.5998221049946191,0.6890509051871776
