Class,F1,Precision,Recall,Average Precision
attack,0.44622556636951005,0.30968327846520605,0.7981275599765945,0.6160710578547551
investigation,0.6115212233060902,0.7589572994492011,0.5120497442878693,0.6659686425058532
mount,0.9168056803113906,0.9314270815226838,0.9026362334709004,0.9316650774230881
other,0.7491084716255301,0.710996215553542,0.7915380963683836,0.8194834796083084
Macro Average,0.6581841566623303,0.6666892198123637,0.7376045125784548,0.7379015925945654
