Class,F1,Precision,Recall,Average Precision
attack,0.6498067798268357,0.5782691972836497,0.741542927319415,0.7342349139323185
investigation,0.8258572180158747,0.8823716303736833,0.7761463550959864,0.8816433531970597
mount,0.6450450450450449,0.6754716981132075,0.6172413793103448,0.6849452171496776
other,0.9489778834559521,0.9336607972401233,0.964805918083202,0.9916076382671909
Macro Average,0.7069030142959184,0.7120375085901802,0.711643553908582,0.7669411614263519
