Class,F1,Precision,Recall,Average Precision
attack,0.6794326241134753,0.5897562176803743,0.8012713282034125,0.7259827349722044
investigation,0.6427522037218414,0.6516072980017377,0.6341345573136852,0.648816247832472
mount,0.821089966577996,0.8319281271596406,0.8105305682736332,0.8402003717324483
other,0.8674718115760461,0.8712879260705872,0.8636889793637489,0.8958195041421091
Macro Average,0.7144249314711043,0.6910972142805841,0.7486454845969103,0.7383331181790416
