Class,F1,Precision,Recall,Average Precision
attack,0.7035445157689088,0.6344508204973321,0.7895264344775745,0.8014625746023232
investigation,0.7748499377099929,0.9081858407079646,0.6756534334057541,0.8469342829628124
mount,0.8995120628896721,0.9108451593423184,0.8884575222897534,0.9645984275514359
other,0.915028592127954,0.8559306326239821,0.9828926801689447,0.9875343988054635
Macro Average,0.7926355054561913,0.8178272735158716,0.7845457967243608,0.8709984283721904
