Class,F1,Precision,Recall,Average Precision
attack,0.5794732061762035,0.47131248460970204,0.7520628683693517,0.6192291284390014
investigation,0.5319635814791374,0.6780439369492367,0.43767024515302033,0.535839062491088
mount,0.7318573185731858,0.7401520387007602,0.7237464522232734,0.7029742182911349
other,0.7847560975609755,0.7255229620084962,0.8545208792772284,0.8565681880058934
Macro Average,0.6144313687428422,0.6298361534198996,0.637826521915215,0.6193474697404081
