Class,F1,Precision,Recall,Average Precision
attack,0.6296051762841673,0.6226710778338848,0.6366954509035876,0.6284593158441297
investigation,0.791968808074919,0.9295525087371997,0.6898618807077367,0.8431944666787351
mount,0.48388800845219226,0.8641509433962264,0.3360234776228907,0.7058645092591822
other,0.9261237509803423,0.8763940967659546,0.9818365789735594,0.9889669437824511
Macro Average,0.6351539976037595,0.8054581766557704,0.5541936030780718,0.7258394305940157
