Class,F1,Precision,Recall,Average Precision
attack,0.6300944859681286,0.5501108101452844,0.7372937293729372,0.6430309980825152
investigation,0.5388933440256616,0.6880973066898349,0.4428645604505332,0.5328190120022676
mount,0.7535529063110392,0.7731859018659295,0.7348922753547031,0.7101150084073804
other,0.7805070880321514,0.7155368539733032,0.8584541062801933,0.8437107873709357
Macro Average,0.6408469121016097,0.6704646729003496,0.6383501883927245,0.6286550061640545
