Class,F1,Precision,Recall,Average Precision
attack,0.8349491881789511,0.8564581835609874,0.8144940747493163,0.8811125235831447
investigation,0.8544507310514817,0.9603102649340184,0.7696126909802814,0.92360625889795
mount,0.6613672496025437,0.8678720445062587,0.5342465753424658,0.8627140663153561
other,0.9385113909021199,0.8921547418617557,0.989949486515822,0.992900739375328
Macro Average,0.783589056277659,0.8948801643337548,0.7061177803573545,0.8891442829321502
