Class,F1,Precision,Recall,Average Precision
attack,0.6519987359772476,0.7185269023158628,0.5967462039045554,0.6369084695958087
investigation,0.7880658983844783,0.9045751154776743,0.698144882157105,0.8301086923391715
mount,0.37866666666666665,0.9377358490566038,0.23723150357995226,0.703909507135319
other,0.9262448067972386,0.878063496411346,0.9800207394309464,0.9885114707578156
Macro Average,0.6062437670094641,0.8536126222833803,0.5107075298805376,0.7236422230234331
