Class,F1,Precision,Recall,Average Precision
attack,0.7805646431600631,0.7718667625209681,0.7894607843137255,0.8524640894078825
investigation,0.8354870449327648,0.9622997884557268,0.7382056334762953,0.8826015579494868
mount,0.7107976125881715,0.9109874826147427,0.5827402135231317,0.8817554741816293
other,0.9292462251338179,0.8752057487372906,0.9903994550466723,0.9906860158133506
Macro Average,0.7756164335603332,0.881718011197146,0.7034688771043841,0.8722737071796662
