Class,F1,Precision,Recall,Average Precision
attack,0.16962905718701698,0.09967079123623566,0.5690213869086196,0.32789293789243745
investigation,0.6133628227548606,0.6503244805584337,0.5803766973280771,0.6300034071001314
mount,0.7745023761967077,0.977316182861116,0.6413985854437599,0.9269599363841388
other,0.7775197775197776,0.7674697510793668,0.7878365068942876,0.8481671716193515
Macro Average,0.519164752046195,0.5757704848852617,0.5969322232268189,0.6282854271255692
