Class,F1,Precision,Recall,Average Precision
attack,0.8458695911312433,0.8502276539659718,0.8415559772296015,0.8930711326197821
investigation,0.8709918494126438,0.9392313891407273,0.8119965164380579,0.9300370359926398
mount,0.7326732673267327,0.7204450625869263,0.7453237410071942,0.8526026943850011
other,0.9489382113112109,0.9210865414460256,0.9785267491356742,0.9926239904345906
Macro Average,0.8165115692902066,0.836634701897875,0.7996254115582846,0.891903620999141
