Class,F1,Precision,Recall,Average Precision
attack,0.5930386853118301,0.5058331882291486,0.7165762210162803,0.7133929201047844
investigation,0.8132883090415355,0.9167705354742528,0.7307980790773337,0.8844647776908114
mount,0.577922077922078,0.839622641509434,0.4405940594059406,0.6531846580311578
other,0.94222865423527,0.9109665860962329,0.9757126432224557,0.9913140365991061
Macro Average,0.6614163574251478,0.7540754550709451,0.6293227864998515,0.7503474519422513
