Class,F1,Precision,Recall,Average Precision
attack,0.6886608015640274,0.5674015906574046,0.8758352758352759,0.8250486672304302
investigation,0.8076424527802761,0.9006047197640118,0.732076059850374,0.8808592689081236
mount,0.8951930449246923,0.9454310889077983,0.8500246791707798,0.9680932163507932
other,0.9381238737985919,0.8941128088690152,0.9866919787531879,0.9924679614836351
Macro Average,0.7971654330896653,0.8044791331097382,0.8193120049521433,0.891333717496449
