Class,F1,Precision,Recall,Average Precision
attack,0.6331326012516235,0.5398167723749119,0.7654532476802284,0.7667846758733762
investigation,0.7682832852739386,0.9116961651917405,0.6638564309648596,0.864557219168103
mount,0.8892539542461476,0.8989322280475419,0.8797818611648399,0.9567314324731575
other,0.9140958974279372,0.8527391309384521,0.9849667824097305,0.9885056177178302
Macro Average,0.7635566135905699,0.7834817218713982,0.7696971799366427,0.8626911091715455
