Class,F1,Precision,Recall,Average Precision
attack,0.5148895292987512,0.3959615858163014,0.7359267734553776,0.5688881982487126
investigation,0.5286276380112079,0.6878490753382153,0.4292630029820689,0.5227541515676593
mount,0.7584705402095523,0.7704215618521079,0.7468846308455045,0.6942410299485385
other,0.7793906594068734,0.7161609857255028,0.8548666186012978,0.8463635842391994
Macro Average,0.6006625691731705,0.6180774076688748,0.6373581357609837,0.5952944599216368
