Class,F1,Precision,Recall,Average Precision
attack,0.6312572278209152,0.5341814623235006,0.7714516454673935,0.7061611764051953
investigation,0.7169008637359804,0.7941336075172079,0.6533590243673191,0.736318424443458
mount,0.5015391631512941,0.9544369711434151,0.34013763241320655,0.6645941450431531
other,0.9032604189528618,0.8337835404285971,0.9853684490556,0.9851068449636142
Macro Average,0.6165657515693965,0.7609173469947078,0.5883161007493064,0.7023579152972688
