Class,F1,Precision,Recall,Average Precision
attack,0.0,0.0,0.0,0.19510451020332817
investigation,0.7997136575139336,0.9613572101790764,0.6846037119178242,0.811065353457817
mount,0.0,0.0,0.0,0.08252010822386877
other,0.9339686639259182,0.88947007908338,0.9831540910264132,0.9914453014852983
Macro Average,0.2665712191713112,0.32045240339302544,0.2282012373059414,0.3628966572950046
