Class,F1,Precision,Recall,Average Precision
attack,0.16840277777777776,0.09554296971189362,0.7093235831809872,0.5527596488351553
investigation,0.562553880717887,0.6681767407223532,0.48576584705616965,0.5689413590549048
mount,0.7609465250605552,0.8467173462335867,0.6909542070832393,0.8098865891262297
other,0.8404959546075443,0.8052306267490789,0.878991670512736,0.9091900243135422
Macro Average,0.4973010611854067,0.5368123522226113,0.6286812124401321,0.6438625323387632
