Class,F1,Precision,Recall,Average Precision
attack,0.6639822271591225,0.5729690869877786,0.7893694288544074,0.7205326670807033
investigation,0.7808987017831056,0.949053087539035,0.6633631994930381,0.8239095607593739
mount,0.4473684210526315,0.7093184979137691,0.32671364509929535,0.683844248522332
other,0.9040997962612145,0.8326733697645764,0.9889298480786416,0.9873898239753152
Macro Average,0.6307497833316198,0.7437802241468608,0.5931487578155803,0.7427621587874698
