Class,F1,Precision,Recall,Average Precision
attack,0.6266724212343547,0.5074793792814204,0.819043321299639,0.7619526472076843
investigation,0.7577203651033546,0.9092622740125096,0.6494757028030519,0.8189168403882608
mount,0.6676166726042037,0.8131915816880018,0.5662486780480435,0.7126769112313343
other,0.9062663471247308,0.8384656942193409,0.9859967705217461,0.9860971904067705
Macro Average,0.6840031529806376,0.7433110783273106,0.6782559007169114,0.76451546627576
