Class,F1,Precision,Recall,Average Precision
attack,0.6386692438352956,0.5488774791100373,0.7635854341736694,0.7434124706602712
investigation,0.7676760015926889,0.8957522123893805,0.6716432765999801,0.8416528392231015
mount,0.8844925075859856,0.9081276934478878,0.8620563864714159,0.9567022949746337
other,0.9130148524797924,0.8554325035042805,0.9789088547017611,0.9861899494997622
Macro Average,0.7636125843379901,0.7842524616491019,0.7657616990816886,0.8472558682860022
