Class,F1,Precision,Recall,Average Precision
attack,0.7806010261421941,0.7656362329259525,0.7961624719661101,0.8184752238143398
investigation,0.8189650524590517,0.9563564017326484,0.7160905885236937,0.9071255089700083
mount,0.7238895558223291,0.8386648122392212,0.6367476240760296,0.8524359292749562
other,0.9192309043548963,0.8613418109651144,0.9854618629476584,0.9901949478155412
Macro Average,0.774485211474525,0.853552482299274,0.7163335615219445,0.8593455540197681
