Class,F1,Precision,Recall,Average Precision
attack,0.0,0.0,0.0,0.11047211847935533
investigation,0.7252002759783817,0.9247867634479556,0.5964706253251154,0.726284956699142
mount,0.0,0.0,0.0,0.023184274709312398
other,0.9082095701438637,0.8526930636629811,0.9714585731816859,0.9841714648533536
Macro Average,0.2417334253261272,0.3082622544826519,0.19882354177503847,0.2866471166292699
