Class,F1,Precision,Recall,Average Precision
attack,0.6079101811686655,0.5185443148180393,0.7344925391540263,0.7148095979098208
investigation,0.8179529976225104,0.9312144096585772,0.7292553853220667,0.8806083750928269
mount,0.7504520795660037,0.7830188679245284,0.7204861111111112,0.8123059591848114
other,0.9424049199396525,0.9086864304830155,0.9787222166849397,0.9913820781716324
Macro Average,0.7254384194523932,0.7442591974670484,0.7280780118624014,0.8025746440624864
