Class,F1,Precision,Recall,Average Precision
attack,0.3445527015057573,0.2207969122488364,0.7839580814187828,0.5249777999734396
investigation,0.6017813347102103,0.76272018323608,0.4969266299520341,0.6400891802294864
mount,0.9325952735788801,0.9517642968885799,0.9141831538525753,0.9440650295991246
other,0.7467611934000083,0.7074249773466234,0.7907295421370908,0.7944721571367729
Macro Average,0.6263097699316159,0.645093797457832,0.7316892884077975,0.7030440032673502
