Class,F1,Precision,Recall,Average Precision
attack,0.0,0.0,0.0,0.10090884616172703
investigation,0.7301787283914444,0.91359337194809,0.608096237372505,0.725006785039171
mount,0.0,0.0,0.0,0.010808511988702212
other,0.9124130996952377,0.8632795004386339,0.9674771116024574,0.983537413343936
Macro Average,0.24339290946381478,0.30453112398269666,0.202698745790835,0.27890804772986677
