Class,F1,Precision,Recall,Average Precision
attack,0.7321162016304971,0.7238051992280622,0.7406202811011732,0.7084104351431996
investigation,0.7032908421782494,0.7190925451273382,0.6881686759563697,0.7270569134075053
mount,0.9147044794241359,0.9166521814705371,0.9127650367806145,0.9527581451158514
other,0.8156405050355648,0.8083257822077714,0.8230888219490352,0.8629912001115385
Macro Average,0.7833705077442942,0.786516641941979,0.7805179979460525,0.7960751645555187
