Class,F1,Precision,Recall,Average Precision
attack,0.6540203850509626,0.5688254124599852,0.7692307692307693,0.7088265543425317
investigation,0.6269249875807253,0.7048529229241653,0.5645129224652088,0.6458887252188625
mount,0.8016632565507227,0.8393918451969592,0.7671803941384537,0.8056768950712931
other,0.8474229173849899,0.816464998288671,0.8808210251954822,0.8980847443026555
Macro Average,0.6942028763941369,0.7043567268603699,0.7003080286114772,0.7201307248775625
