Class,F1,Precision,Recall,Average Precision
attack,0.8256880733944955,0.8195542774982028,0.8319143760642179,0.8817284594906882
investigation,0.8634847639753674,0.955197944998489,0.7878403921650085,0.9287368123595728
mount,0.7078651685393258,0.7009735744089013,0.7148936170212766,0.8172020034097672
other,0.9446981823878128,0.9075612073100763,0.9850040832993059,0.9929506368258563
Macro Average,0.7990126686363963,0.8252419323018643,0.7782161284168344,0.8758890917533427
