Class,F1,Precision,Recall,Average Precision
attack,0.0002011667672500503,0.00010067451927917044,0.1111111111111111,0.1555445467832913
investigation,0.6699870254886368,0.8263716814159292,0.5633729173160652,0.6946060975501344
mount,0.8086841085043643,0.9447448601465784,0.7068802628876566,0.9398078367545137
other,0.8806768902623143,0.7939946480080627,0.9886052214048753,0.9817713874360109
Macro Average,0.49295743358675037,0.5904057386939289,0.46045476377161093,0.5966528270293131
