Class,F1,Precision,Recall,Average Precision
attack,0.6422018348623854,0.5250176180408739,0.8267279644895371,0.7904074327578822
investigation,0.7673987927819739,0.8953834808259588,0.6714262014046342,0.8286707312995595
mount,0.8862201733937505,0.9287420054349318,0.847421544318381,0.9605835970695784
other,0.9144191867561322,0.8548706601948496,0.9828849227490677,0.987309406858017
Macro Average,0.7652736003460365,0.7830477014339214,0.7818585700708507,0.8598872537090066
