Class,F1,Precision,Recall,Average Precision
attack,0.0013268465280849183,0.0006641576267434137,0.6,0.3112457976026946
investigation,0.7177098840464907,0.9178077406734665,0.5892444663721379,0.7675503225809125
mount,0.9416320766827849,0.9763943736965879,0.9092599479360357,0.9887631887627388
other,0.9067993366500829,0.8355345158197507,0.9913544258798436,0.9895671539015918
Macro Average,0.5535562690857868,0.6316220906655993,0.6995014714360579,0.6891864363154486
