Class,F1,Precision,Recall,Average Precision
attack,0.7283957613192044,0.7295947326597798,0.7272007241457343,0.7052447703425484
investigation,0.6742374727668845,0.6750831651851448,0.6733938965348419,0.7123689245261464
mount,0.850220677997934,0.786893794541978,0.9246323529411765,0.9436771568282772
other,0.8185125777551739,0.8363893182666169,0.8013840300298767,0.8579922745362677
Macro Average,0.7509513040280077,0.7305238974623008,0.7750756578739176,0.7870969505656573
