Class,F1,Precision,Recall,Average Precision
attack,0.7924056957282037,0.7601246105919003,0.8275502217584138,0.8656432250198249
investigation,0.8338806258450839,0.978467815049864,0.7265230562100303,0.9164822389704501
mount,0.7620795107033639,0.866481223922114,0.6801310043668122,0.9022381470170328
other,0.925396083633568,0.8660916675288518,0.993419065291503,0.9926647274746752
Macro Average,0.7961219440922171,0.8683578831879594,0.7447347607784187,0.8947878703357692
