Class,F1,Precision,Recall,Average Precision
attack,0.7299873664867348,0.6398872445384073,0.8496190348883839,0.8281701982836875
investigation,0.8081708302935899,0.9068141592920353,0.72888288224206,0.8831633053669856
mount,0.9057266413314113,0.9485877412094096,0.8665713784197197,0.9720751231671256
other,0.9354528673206304,0.8879151558680769,0.9883687193341028,0.9920269488152438
Macro Average,0.8146282793705787,0.8317630483466174,0.8150244318500545,0.8944695422725996
