Class,F1,Precision,Recall,Average Precision
attack,0.6080822085389227,0.6491380811422601,0.5719107156554422,0.5782658380070183
investigation,0.7863583703933074,0.8999437886453063,0.6982318084854231,0.8386401923184561
mount,0.38537941994437824,0.9150943396226415,0.24408656265727227,0.631656672817212
other,0.9253852218858595,0.8797440007106978,0.9760213216814232,0.9875383071920324
Macro Average,0.5932733329588694,0.8213920698034026,0.5047430289327125,0.6828542343808954
