Class,F1,Precision,Recall,Average Precision
attack,0.6546113572291582,0.7075570259446282,0.6090377697841727,0.6499710944361201
investigation,0.7951405556815724,0.9209741672165603,0.6995591033554556,0.8481501690301205
mount,0.5013137151865475,0.9,0.34741442097596503,0.7635675847970573
other,0.9274435620036271,0.8783485158629982,0.9823518453354309,0.9893171253170392
Macro Average,0.6503552093657593,0.8428437310537295,0.5520037647051977,0.7538962827544328
