Class,F1,Precision,Recall,Average Precision
attack,0.0018105009052504528,0.000906070673512534,1.0,0.15587704389634396
investigation,0.6748527402629398,0.888834808259587,0.5439095274197624,0.6976102851341733
mount,0.848808739637837,0.9373335895254042,0.7755621167385873,0.950455750981009
other,0.861930070481024,0.7604056856226035,0.9947414283008146,0.9814748435332956
Macro Average,0.5084906602686757,0.6090248228195013,0.77315721471945,0.6013143600038421
