Class,F1,Precision,Recall,Average Precision
attack,0.6234567901234568,0.578175313059034,0.6764336542486395,0.7274681217245527
investigation,0.8690790964720103,0.9428348973486866,0.8060255736556314,0.952343171038663
mount,0.782083543029693,0.8187565858798735,0.7485549132947977,0.8844371762496652
other,0.9583704381172432,0.9298368516096893,0.9887106652761914,0.9963900651917071
Macro Average,0.7582064765417199,0.7799222654291981,0.7436713803996895,0.8547494896709603
