Class,F1,Precision,Recall,Average Precision
attack,0.7020282656259239,0.5976039464411558,0.8506735454284895,0.8129645819951137
investigation,0.7972912206286032,0.8760619469026548,0.731517174279838,0.8752615744438187
mount,0.874203481430277,0.9546265543081441,0.8062781100755785,0.9662916440946401
other,0.938061295699793,0.8914831504929162,0.989774985369869,0.9922958699348238
Macro Average,0.7911743225616014,0.8094308158839848,0.7961562765946354,0.8848392668445241
