Class,F1,Precision,Recall,Average Precision
attack,0.734283415699345,0.7252809626518334,0.743512161061329,0.7152107611082926
investigation,0.6775011891549072,0.6990783661449528,0.6572160984362984,0.7396566111048727
mount,0.8372680462450208,0.7490005214670606,0.9491189427312775,0.9351038277932138
other,0.8266028908230743,0.8428388678641864,0.8109806133962457,0.8596232859747901
Macro Average,0.749684217033091,0.7244532834212823,0.7832824007429683,0.796657066668793
