Class,F1,Precision,Recall,Average Precision
attack,0.8426873749852924,0.8581356338365684,0.827785483125289,0.894324645333933
investigation,0.8680072362927915,0.9425052886068298,0.8044235233427908,0.9144868889407531
mount,0.585496866606983,0.9095966620305981,0.4316831683168317,0.8338176632291657
other,0.9482947972646469,0.913665478418721,0.9856525356657264,0.9928776414650227
Macro Average,0.7653971592950223,0.9034125281579987,0.6879640582616372,0.8808763991679506
