Class,F1,Precision,Recall,Average Precision
attack,0.7579809004092769,0.6991845363938387,0.8275738798856054,0.8393882230538752
investigation,0.8198194403493254,0.8612094395280236,0.7822254373978512,0.8880606866166468
mount,0.892819632656198,0.9566852405918037,0.8369473861153135,0.9707384255938065
other,0.9477708908968709,0.9189034208727686,0.9785109388203221,0.9924711895916445
Macro Average,0.8235399911382668,0.8390264055045553,0.8155822344662567,0.8993957784214427
