Class,F1,Precision,Recall,Average Precision
attack,0.7039958618905987,0.6702782565870475,0.7412854030501089,0.7044518821214371
investigation,0.6353891379873504,0.6639568077448181,0.609178386380459,0.6503180005339224
mount,0.8121861853711494,0.8272287491361437,0.7976809276289484,0.819743143576708
other,0.85993265993266,0.8484366506271518,0.8717444819097661,0.899822451788731
Macro Average,0.7171903950830328,0.7204879378226697,0.7160482390198388,0.7248376754106891
