Class,F1,Precision,Recall,Average Precision
attack,0.42305074491416467,0.2971738206544836,0.7339281028601417,0.5957931734279122
investigation,0.5563784818815708,0.6115479310618696,0.51033934252386,0.5953608182571033
mount,0.5083203328133125,0.8100269318417236,0.37037037037037035,0.6230322290113071
other,0.917587488463745,0.9028038529971164,0.9328633556910827,0.978203478764203
Macro Average,0.49591651986968266,0.5729162278526923,0.5382126052514574,0.6047287402321074
