Class,F1,Precision,Recall,Average Precision
attack,0.44015315465290494,0.32553558236887464,0.6793422404933196,0.5706877269844574
investigation,0.5450523025129254,0.7033014769765421,0.4449373797652232,0.5793800953607857
mount,0.728192459267102,0.8555632342778162,0.6338316608642228,0.8247259004325465
other,0.7991961145536762,0.7205701745555578,0.8970824142771205,0.8973592766547298
Macro Average,0.5711326388109774,0.6281334312077443,0.5860370937075885,0.6582645742592631
