Class,F1,Precision,Recall,Average Precision
attack,0.8478108171388433,0.8677210639827462,0.8287937743190662,0.8840473148212608
investigation,0.8656502283001035,0.9572882038883852,0.7900239010703523,0.9223798925905001
mount,0.6694510739856802,0.780250347705146,0.5862068965517241,0.8124305763658264
other,0.9449599356222123,0.9056706703411431,0.9878126346457662,0.993257140375559
Macro Average,0.7943040398082091,0.8684198718587591,0.7350081906470476,0.872952594592529
