Class,F1,Precision,Recall,Average Precision
attack,0.619302417756639,0.5441406930175866,0.7185559898827316,0.710400583733472
investigation,0.8183835698201254,0.9215240609037808,0.7360068709069792,0.8891398186668413
mount,0.6528403967538323,0.6830188679245283,0.6252158894645942,0.7401642389624156
other,0.9430273378430629,0.9118068382459089,0.9764616342079289,0.9912904808052466
Macro Average,0.696842128110199,0.716227873948632,0.6932595834181017,0.7799015471209096
