Class,F1,Precision,Recall,Average Precision
attack,0.6877507121678972,0.5954897815362932,0.8138414969730324,0.7892185343197022
investigation,0.7894369149084812,0.875,0.7191170588021383,0.865685980244675
mount,0.8754966721399832,0.9586341302736681,0.8056286043829296,0.9680002465214254
other,0.9329137313423689,0.8817117106680722,0.9904290965873971,0.9914668355674818
Macro Average,0.7842280997387872,0.8097079706033204,0.7795290533860334,0.8743015870286008
