Class,F1,Precision,Recall,Average Precision
attack,0.30400939932442356,0.2199320016999575,0.4921540656205421,0.43187212067600367
investigation,0.532717377547146,0.6685727900881582,0.44274969757534316,0.5500693205840673
mount,0.5907741676694744,0.762792624818728,0.482063367373658,0.6307815368013355
other,0.9167416317004585,0.8940916620651573,0.9405690091392575,0.9779329074529853
Macro Average,0.475833648180348,0.5504324722022812,0.4723223768565144,0.5375743260204688
