Class,F1,Precision,Recall,Average Precision
attack,0.6558548653106102,0.5717709082195064,0.7689332903641637,0.7115893030912426
investigation,0.7369548652140782,0.8402840737382895,0.6562555317349488,0.7451899056193529
mount,0.18106312292358803,0.9095966620305981,0.1005380476556495,0.3040460168671075
other,0.9077327262471606,0.8400662158221954,0.9872551620462484,0.9874302301183517
Macro Average,0.5246242844827588,0.7738838813294646,0.5085756232515873,0.5869417418592343
