Class,F1,Precision,Recall,Average Precision
attack,0.6525218686022706,0.6104823263102908,0.7007795322806316,0.7035891638943328
investigation,0.81923957449875,0.9029865337145929,0.7497083143103536,0.8691222946265749
mount,0.6056782334384858,0.5433962264150943,0.684085510688836,0.6524986687346185
other,0.9440183406579179,0.917562750548755,0.972044781679509,0.9908207454157891
Macro Average,0.6924798921798354,0.6856216954799926,0.7115244524266071,0.7417367090851754
