Class,F1,Precision,Recall,Average Precision
attack,0.7181758957654722,0.6786505786752032,0.762589928057554,0.7219377005812455
investigation,0.6363081572752899,0.6794092093831451,0.5983494561950047,0.6392842646481904
mount,0.8096571028691393,0.7995853489979268,0.8199858256555634,0.8209484347188816
other,0.857908408500542,0.8444703940083351,0.8717810155259493,0.8917322726171408
Macro Average,0.7213803853033006,0.719215045685425,0.7269750699693741,0.7273901333161058
