Class,F1,Precision,Recall,Average Precision
attack,0.759141360076624,0.7647860143035532,0.753579418344519,0.7514501121069735
investigation,0.6878085833649829,0.6913344603806512,0.6843184885290149,0.7378907816838792
mount,0.8894449499545041,0.8495567529984356,0.9332633186939088,0.9429721513306535
other,0.8231846562033871,0.8310058099248441,0.8155093500719236,0.8673444662284465
Macro Average,0.7787982977987037,0.7685590758942134,0.7903870751891476,0.8107710150405021
