Class,F1,Precision,Recall,Average Precision
attack,0.0,0.0,0.0,0.3057079685725271
investigation,0.7069791987334535,0.8423222020399609,0.6091085907701634,0.7622434228402492
mount,0.9017555910220408,0.9902826463149488,0.8277575847489058,0.9872549120445188
other,0.9176019639640796,0.8578379674017258,0.9863168483278445,0.9886249283887162
Macro Average,0.5362449299184981,0.61086828278497,0.47895539183968977,0.6850687678190983
