Class,F1,Precision,Recall,Average Precision
attack,0.7269395934726597,0.720626631853786,0.7333641404805915,0.7264091571846074
investigation,0.6853989813242783,0.6604679064187162,0.712286067164618,0.7411871199433511
mount,0.9166415370697455,0.9246480097340518,0.9087725292560007,0.9612959746481806
other,0.8131796148303418,0.8271147593411865,0.7997062461348176,0.8629131424521995
Macro Average,0.7763267039555611,0.768580849335518,0.7848075789670701,0.8096307505920463
