Class,F1,Precision,Recall,Average Precision
attack,0.42062181374308893,0.33701530318720513,0.5593964858670741,0.47858378310097305
investigation,0.5638205184055761,0.7142660044150111,0.46572508096437565,0.6136090071523035
mount,0.7859139650352568,0.9224289911851127,0.6845969324707422,0.9053290993583513
other,0.8787459527307478,0.8322818583413264,0.9307047360072513,0.9622603610680858
Macro Average,0.590118765727974,0.6579034329291097,0.569906166434064,0.6658406298705426
