Class,F1,Precision,Recall,Average Precision
attack,0.22769753610875104,0.1825405834941537,0.30253998118532455,0.20869334165612757
investigation,0.5944455012364466,0.681681845449092,0.5270036679455289,0.6120864592605618
mount,0.8579869170711121,0.8834521119415957,0.8339486422183936,0.9311939856949719
other,0.7784692230209871,0.7517989446191568,0.8071013704901148,0.8419626276897375
Macro Average,0.56004331813877,0.5825581802949471,0.5544974304497491,0.5839912622038871
