Class,F1,Precision,Recall,Average Precision
attack,0.5419835943325877,0.412532637075718,0.7898282981960444,0.6659404822245755
investigation,0.6301675977653632,0.7689371216665758,0.5338280392231098,0.6705957994166204
mount,0.9293648774696853,0.9525464974795759,0.9072847682119205,0.9337694902596497
other,0.7477125293901021,0.7034539736687809,0.7979141475211609,0.8217793372862588
Macro Average,0.7005053565225454,0.7113387520739565,0.7436470352103582,0.7567685906336151
