Class,F1,Precision,Recall,Average Precision
attack,0.6639763249932742,0.5862232779097387,0.7655086848635235,0.7576529344004728
investigation,0.8175278930451113,0.8985802872062664,0.7498876496302651,0.8802222233981302
mount,0.9126705713270179,0.92712715855573,0.8986579019446727,0.9458802876928007
other,0.9394959205532708,0.9088437897753074,0.9722877963666222,0.987558827357633
Macro Average,0.7980582631218011,0.8039769078905783,0.8046847454794871,0.8612518151638012
