Class,F1,Precision,Recall,Average Precision
attack,0.44709897610921506,0.3076923076923077,0.8174726989079563,0.5150602349658593
investigation,0.8574747159976203,0.9290932531155995,0.7961073119410836,0.911393480105231
mount,0.7252044989775052,0.7612020391735981,0.6924578960214791,0.7972609623709728
other,0.932192022590893,0.8946895909206403,0.9729759602100028,0.9882849467554552
Macro Average,0.6765927303614468,0.6659958666605018,0.768679302290173,0.741238225814021
