Class,F1,Precision,Recall,Average Precision
attack,0.7037094043404648,0.7062821833161689,0.7011553010939576,0.7433106143994268
investigation,0.8528982689927485,0.9263968634014428,0.7902048909451421,0.9256410036369325
mount,0.829841987541788,0.8429178677871696,0.817165593027662,0.884671580457595
other,0.9322431339801445,0.8917302341428328,0.9766123816315362,0.9884969907984749
Macro Average,0.7954832202916671,0.8251989715015937,0.7695085950222539,0.851207732831318
