Class,F1,Precision,Recall,Average Precision
attack,0.5501059791985016,0.4418052256532066,0.728744939271255,0.647722708039013
investigation,0.7989616425461818,0.8864719321148825,0.7271765902762904,0.8693136995537292
mount,0.9036454300492459,0.916043956043956,0.8915780466935582,0.948846120231204
other,0.9363514399955171,0.9084280478678837,0.9660458978928324,0.9859676455539992
Macro Average,0.7509043505979766,0.7481070379373485,0.7824998587470345,0.821960842607982
