Class,F1,Precision,Recall,Average Precision
attack,0.493791088385683,0.519680196801968,0.47035903145004176,0.49046252710490634
investigation,0.841360113262784,0.9087657456845161,0.7832633366097758,0.9156067432167588
mount,0.8423597678916828,0.9114056505057552,0.7830386574767756,0.8455547531186838
other,0.924026506955702,0.8795062493544056,0.9732942773451454,0.9848498219372088
Macro Average,0.7258369898467166,0.7799505309974131,0.6788870085121976,0.750541341146783
