Class,F1,Precision,Recall
attack,0.6968503937007874,0.6198372643938613,0.7957159857199524
investigation,0.8563975013222408,0.9286943311993303,0.7945439836611276
mount,0.835929165777683,0.861561767005473,0.8117777061559004
other,0.9346690084347016,0.8976982290865995,0.9748157955330417
