Class,F1,Precision,Recall
attack,0.6277882289707069,0.5391183937225941,0.7513669990350595
investigation,0.7724098691356748,0.8501081634976659,0.7077251184834124
mount,0.8915748734742484,0.9180870631514408,0.866550925925926
other,0.9351082476668718,0.91098393944988,0.9605450121654501
