Class,F1,Precision,Recall,Average Precision
attack,0.6379514116874588,0.5605815831987075,0.7400975015234613,0.4374914121041532
investigation,0.7605701090851182,0.8156666287145622,0.7124459251156083,0.6195634646646703
mount,0.8877726047537369,0.8885346413243409,0.8870118741584038,0.7989334256320605
other,0.9356372622435226,0.9226139929850471,0.9490334586608941,0.9253635852457012
