Class,Mean F1,Mean Precision,Mean Recall,Mean Average Precision,Std F1,Std Precision,Std Recall,Std Average Precision
attack,0.5580720963951802,0.4418844022169438,0.7571564238230905,0.3614785509509929,,,,
investigation,0.8112932356964186,0.8773208682008368,0.7545085250832829,0.6905931798112722,,,,
mount,0.9022239142159194,0.8929603114795277,0.9116817336667308,0.8271062607030512,,,,
other,0.9438933202013852,0.9316806733438224,0.9564303910497152,0.9318562134265528,,,,
