Class,F1,Precision,Recall,Average Precision
attack,0.6525396753217224,0.568091844813935,0.7664779403909838,0.7524651927404411
investigation,0.8167475909464406,0.8921181462140992,0.7531202644992423,0.8832971486740591
mount,0.905689241077575,0.9294191522762951,0.8831409051582685,0.9456518447022975
other,0.9406437303619993,0.9114341816600254,0.971787475193846,0.9879296573810862
Macro Average,0.7916588357819127,0.7965430477681098,0.8009130366828315,0.8604713953722659
