Class,F1,Precision,Recall,Average Precision
attack,0.5079768908676524,0.3794140934283452,0.768318101651435,0.6506092390293843
investigation,0.8035621424856995,0.9077839425587467,0.7208069866279673,0.868149411950351
mount,0.902284820031299,0.9051177394034536,0.8994695787831514,0.9449761791133219
other,0.9407276123713245,0.9115365181295452,0.971850195030141,0.9882146519338179
Macro Average,0.7379412844615502,0.730771925130182,0.7961982223541845,0.8212449433643524
