Class,F1,Precision,Recall,Average Precision
attack,0.6275064267352184,0.5633510270020771,0.708152016246011,0.7112954840780688
investigation,0.7547169811320754,0.8436752817943755,0.6827290735707375,0.8204027979108227
mount,0.8643510054844606,0.869650521152667,0.8591156874621442,0.9348337023772633
other,0.928778448234903,0.9000828805599043,0.9593639575971732,0.9850587496352675
Macro Average,0.7488581377839182,0.7588922766497065,0.7499989257596309,0.8221773281220516
