Class,F1,Precision,Recall
attack,0.6202271794169975,0.5229633048696054,0.7619367854741089
investigation,0.7574090413660662,0.8307525902311284,0.6959652804273179
mount,0.8850389950586414,0.9114653586756591,0.8601018282804906
other,0.9318589925337869,0.910097840132915,0.9546862896979086
