Class,F1,Precision,Recall,Average Precision
attack,0.6147506039505471,0.5137767220902613,0.7651220374955784,0.7377000017190556
investigation,0.8137325663626488,0.9106886422976501,0.73543481412174,0.8900099514000371
mount,0.8992115241222851,0.889795918367347,0.9088285283648142,0.9511207192849134
other,0.9423420389756592,0.9128477041452666,0.9738059497816594,0.9882804712329141
Macro Average,0.7758982314784936,0.7714204275850861,0.8031284599940443,0.8596102241346687
