Class,F1,Precision,Recall,Average Precision
attack,0.15388326097443317,0.09565217391304348,0.3933415536374846,0.05985274828066506
investigation,0.8311501112684605,0.8844249502179646,0.7839288269808711,0.7249815793430221
mount,0.8575947442058519,0.8975044563279857,0.8210832847990681,0.742858984953773
other,0.9427621194382801,0.9267253718695966,0.9593636643827497,0.9362290896710184
