Class,F1,Precision,Recall,Average Precision
attack,0.07444168734491316,0.04403992953611274,0.2403846153846154,0.1045124167361559
investigation,0.8440506033929925,0.8888206765301737,0.8035744019537104,0.8592468923409118
mount,0.6552731522056675,0.6018245237456399,0.7191407502404616,0.6863003542567461
other,0.936190647697941,0.92463792665368,0.9480357080829483,0.9828966962915173
Macro Average,0.524588480981191,0.5115617099373088,0.5876999225262625,0.550019887777938
