Class,F1,Precision,Recall,Average Precision
attack,0.045499117474014514,0.024207011686143573,0.3778501628664495,0.2245000154040196
investigation,0.755295987835643,0.9060984204634965,0.6475276271738808,0.7615658919177376
mount,0.8006323050392796,0.7094829781815095,0.9186545014840057,0.8907721325381679
other,0.9446890757612364,0.9268826084296813,0.9631931090380306,0.9872943119408988
Macro Average,0.533809136782979,0.5465961367770499,0.6480107638414453,0.6256126799533084
