Class,F1,Precision,Recall,Average Precision
attack,0.10154125113327289,0.06888068880688807,0.19310344827586207,0.09879299305750922
investigation,0.8222004269312871,0.9234357990772899,0.740968741551068,0.8406717488488882
mount,0.6811053024645257,0.6362050924311127,0.732824427480916,0.73512357508688
other,0.9269240368853842,0.8871113521330442,0.9704781411116604,0.9814779790639058
Macro Average,0.5349489935096953,0.5428405267717635,0.5556322057692821,0.5581961056644258
