Class,F1,Precision,Recall,Average Precision
attack,0.30222359005924443,0.18346567024754787,0.8568935427574171,0.18071797070011753
investigation,0.8651340310701614,0.9285413847335503,0.8098329279476854,0.7729804924501782
mount,0.8633778788740403,0.8774743534171362,0.849727158248216,0.7524554410884139
other,0.9506303447059861,0.9335607424851088,0.9683357879234168,0.9452760947046258
