Class,F1,Precision,Recall,Average Precision
attack,0.11782159856586513,0.07545526524148852,0.2686777558500141,0.18176024106327435
investigation,0.7785611359083401,0.9037369451697128,0.6838426869173304,0.7704010671470478
mount,0.8489039665970772,0.8170800627943485,0.8833073111126196,0.8978421146780966
other,0.9419956644551009,0.9171906080705098,0.9681797006339754,0.9848359150199043
Macro Average,0.5817622336904275,0.59875742440185,0.6119425846266547,0.6166678076294729
