Class,F1,Precision,Recall,Average Precision
attack,0.4008376638486,0.26614481409001955,0.8115577889447236,0.23282408993729561
investigation,0.8818360422825471,0.9235478746076646,0.8437292023619036,0.802529516454217
mount,0.8658355088198697,0.8672955667432426,0.8643803585346843,0.7560872044036523
other,0.9550393828897376,0.9446407136879811,0.9656695388283748,0.946749241329553
