Class,F1,Precision,Recall,Average Precision
attack,0.08103024164375633,0.04433887569279493,0.4697986577181208,0.06689623339121446
investigation,0.7748807968071203,0.8964435146443515,0.6823503066645102,0.6358702364850236
mount,0.8408290051604067,0.7904420999748807,0.8980771288930113,0.7353496986190435
other,0.9423576430047349,0.9304782736610512,0.9545442616066976,0.9296687127940156
