Class,F1,Precision,Recall,Average Precision
attack,0.14760291818655552,0.08970704671417261,0.4162380602498163,0.2516222799122645
investigation,0.7741439522062861,0.8627447780678851,0.7020462905174818,0.7811299192826548
mount,0.8451112943116241,0.8046467817896389,0.8898611111111111,0.8987814246603769
other,0.9453221018852788,0.9420903503105272,0.9485761022166694,0.9864419055660161
Macro Average,0.5889527215681553,0.5856995355238989,0.6693818206261364,0.6438445412850987
