Class,F1,Precision,Recall,Average Precision
attack,0.0884594447468699,0.05146476642913698,0.31461761858664083,0.1880222990344658
investigation,0.7918749445413943,0.8737761096605744,0.7240115744496728,0.7892218906064613
mount,0.8740501883660047,0.8595604395604396,0.8890368253555887,0.8954936705717701
other,0.9485813668422977,0.9453779093938482,0.951806608238726,0.9869147118718788
Macro Average,0.5847948592180896,0.5949337718833837,0.6425553394639675,0.6242459534042324
