Class,F1,Precision,Recall,Average Precision
attack,0.0982378243374497,0.056057007125890734,0.3968609865470852,0.06774787725540121
investigation,0.7823525570799446,0.8812271182008368,0.7034273115109134,0.6476141700706476
mount,0.8736155125349063,0.8742464204973625,0.872985514516837,0.7784897872993496
other,0.9432319513834108,0.9291607506043977,0.9577358938354132,0.9321628296471062
