Class,F1,Precision,Recall,Average Precision
attack,0.09431230610134436,0.052619432264020306,0.4541832669322709,0.07263794239751445
investigation,0.7132190608488578,0.818399180234544,0.6319954279685234,0.5550997301310242
mount,0.8350821619481291,0.7758430410790926,0.9041154615604459,0.7231557165393069
other,0.9314913959702996,0.9298320103378254,0.9331567148970858,0.9128086384283174
