Class,F1,Precision,Recall,Average Precision
attack,0.08218781652438141,0.044972288202692,0.47651006711409394,0.24713465867143272
investigation,0.7782182967436085,0.900081592689295,0.6854185306690526,0.7961793058861663
mount,0.8399993320084835,0.7896389324960753,0.8972209339659662,0.8999332246326872
other,0.9447951314779489,0.9329056521711322,0.9569915754664987,0.9861925228866482
Macro Average,0.5668018150921578,0.5782309377960207,0.6863831772497043,0.6477490630634287
