Class,F1,Precision,Recall,Average Precision
attack,0.09431230610134436,0.052619432264020306,0.4541832669322709,0.2631349749692216
investigation,0.7132190608488578,0.818399180234544,0.6319954279685234,0.694026351296367
mount,0.8350821619481291,0.7758430410790926,0.9041154615604459,0.9019260920903993
other,0.9316493998911408,0.9299935537342296,0.9333111530072825,0.9817561538433377
Macro Average,0.5475378429661104,0.5489538845258857,0.66343138548708,0.6196958061186627
