Class,F1,Precision,Recall,Average Precision
attack,0.15388326097443317,0.09565217391304348,0.3933415536374846,0.18449984104158634
investigation,0.8313934405534374,0.8845699242464944,0.7842478803467657,0.8584605191774659
mount,0.8575947442058519,0.8975044563279857,0.8210832847990681,0.8852491036861521
other,0.9427691376067728,0.9267480195979669,0.9593539289227013,0.9865491172657883
Macro Average,0.6142904819112408,0.6259088514958412,0.6662242395944394,0.6427364879684014
