Class,F1,Precision,Recall,Average Precision
attack,0.10059664215346191,0.05740300870942201,0.40639013452914796,0.2157644531742642
investigation,0.7855817997391682,0.8846768929503916,0.7064503518373729,0.7824237265042622
mount,0.8729919678714859,0.8735949764521193,0.8723897911832946,0.9116931938957399
other,0.9453180797049697,0.9312362885120917,0.9598322884322529,0.9855812250812783
Macro Average,0.5863901365880387,0.6052249593706444,0.6617434258499385,0.6366271245247553
