Class,F1,Precision,Recall,Average Precision
attack,0.15556434077881007,0.08509948096885814,0.9045977011494253,0.09805237996660379
investigation,0.8713266259322217,0.9292205936389989,0.8202235852932485,0.7837557523577235
mount,0.8431147837625912,0.8300967990973336,0.8565475825724616,0.7181425460324158
other,0.9499951864450293,0.9361461594409133,0.9642601218201362,0.9429189245670271
