Class,Mean F1,Mean Precision,Mean Recall,Mean Average Precision,Std F1,Std Precision,Std Recall,Std Average Precision
attack,0.08874350158001731,0.05032990234890472,0.3919843215637166,0.06535227444544055,0.008740958993142176,0.005863522161596825,0.08036371831143008,0.0034382312950537054
investigation,0.7821181132011201,0.8828560843793584,0.7023870744670577,0.6472942285292981,0.0071229886979755856,0.01285061584758183,0.019537429948006717,0.01126742859726717
mount,0.8629898655719263,0.8415808423344219,0.886851367595017,0.7652868636356939,0.0191972557526343,0.04485236204632527,0.012752444528658542,0.02598639909801612
other,0.9440234552595567,0.9343007960568112,0.9540001193861006,0.9305081755547557,0.002172534398091683,0.007789716527322383,0.004035454633231854,0.0014330238656655192
