Class,F1,Precision,Recall,Average Precision
attack,0.045499117474014514,0.024207011686143573,0.3778501628664495,0.05326649045787785
investigation,0.755295987835643,0.9060984204634965,0.6475276271738808,0.6080949105510481
mount,0.8006323050392796,0.7094829781815095,0.9186545014840057,0.6840576241447996
other,0.9446061864360477,0.9267751026159406,0.96313686790711,0.9377218523172761
