Class,F1,Precision,Recall,Average Precision
attack,0.08696243875884595,0.0505938242280285,0.3092933204259439,0.06141271268970595
investigation,0.7891209857162955,0.870897620292887,0.7213836052257496,0.6583982790322227
mount,0.8745250790204655,0.8600540065310224,0.8894914593752029,0.7820211049886884
other,0.9464807713905243,0.9432633639049849,0.9497202027161908,0.9296929842231454
