Class,F1,Precision,Recall,Average Precision
attack,0.0,0.0,0.0,0.019270833333333334
investigation,0.5003015941404567,0.9236398345529748,0.3430631056487828,0.32311675014267144
mount,0.9510777303359227,0.9361012658227849,0.9665411961522375,0.9212127288546448
other,0.9024791185356318,0.8243243243243243,0.9970059880239521,0.9345906624251497
