Class,F1,Precision,Recall,Average Precision
attack,0.12332439678284181,0.071875,0.4339622641509434,0.05486769589911436
investigation,0.17224056265250468,0.356718192627824,0.11352885525070956,0.08362599683164917
mount,0.3262969588550984,0.4546360917248255,0.2544642857142857,0.13749190089171262
other,0.8417868306947666,0.7671736433396131,0.93247696174253,0.9173408169478208
