Class,F1,Precision,Recall,Average Precision
attack,0.7077999051683261,0.6778294925644227,0.7405432221257596,0.6922090193472019
investigation,0.6873642519483837,0.7334896657032229,0.6466967977690162,0.7315045491935299
mount,0.890389056670812,0.8711976360159916,0.9104450499545867,0.946393892417076
other,0.8075042329834068,0.794387292788231,0.8210616202517699,0.8457823023585312
Macro Average,0.7618510712625072,0.7608389314278791,0.7658950232831209,0.7900358203192693
