Class,F1,Precision,Recall
attack,0.6306319814079017,0.6783870967741935,0.5891581453985152
investigation,0.7050336983993261,0.6676972175127157,0.7467930842163971
mount,0.8326574749932415,0.9168030956987647,0.7626594032437787
other,0.9266255261759777,0.9173652694610779,0.936074642886632
