Class,F1,Precision,Recall,Average Precision
attack,0.21010182478072387,0.129618111705436,0.5542553191489362,0.1672412879056829
investigation,0.5360007609143653,0.8552205584783489,0.3903126010066029,0.35331415904332325
mount,0.875730424620179,0.9214373548298948,0.8343436842756402,0.7766352062188823
other,0.8594393605414914,0.8024614361149225,0.9251270252133065,0.8719326443129491
