Class,F1,Precision,Recall,Average Precision
attack,0.0,0.0,0.0,0.08519570204596405
investigation,0.7803479507395583,0.9661181026137464,0.6544977593179583,0.7508501380829792
mount,0.0,0.0,0.0,0.3443545456632493
other,0.901666056998437,0.8317688201730168,0.9843886145803079,0.9861891797993387
Macro Average,0.26011598357985277,0.32203936753791546,0.21816591977265276,0.3934667952640642
