Class,F1,Precision,Recall,Average Precision
attack,0.5591397849462366,0.8333333333333334,0.42071197411003236,0.5995266268271998
investigation,0.902738432483475,0.9290042300217217,0.8779170267934313,0.9577876280957953
mount,0.7508196721311476,0.7292993630573248,0.7736486486486487,0.8831669371608504
other,0.9547317924116878,0.9331097976812912,0.9773796059289244,0.993639919865942
Macro Average,0.737565963186953,0.83054564213746,0.6907592165173707,0.8134937306946152
