Class,F1,Precision,Recall,Average Precision
attack,0.7614942528735633,0.6985382219027079,0.8369221935113408,0.8024137428422885
investigation,0.8317780252814153,0.9685957489674625,0.7288283337439124,0.9058517962976689
mount,0.6296900489396412,0.8052851182197497,0.5169642857142858,0.7823053923912882
other,0.9283012448464956,0.8725345422737234,0.9916831471484312,0.9925040929709581
Macro Average,0.7409874423648732,0.8241396963633066,0.6942382709898464,0.8301903105104153
