Class,F1,Precision,Recall,Average Precision
attack,0.0,0.0,0.0,0.01361731843575419
investigation,0.7690741329939549,0.9749919328815747,0.6349690028370285,0.6258546693624409
mount,0.0,0.0,0.0,0.004888268156424581
other,0.8918982651170625,0.8126457949662369,0.9882792086599478,0.9363262504326366
