Class,F1,Precision,Recall,Average Precision
attack,0.5368018994528749,0.41586692258477287,0.7569141193595342,0.349442920934663
investigation,0.7717917926208125,0.9298233944191306,0.6596743747050495,0.6334102835535156
mount,0.42468159859464205,0.3880417335473515,0.4689621726479146,0.19645327658094677
other,0.9091935483870968,0.8472487337110908,0.9809107835801416,0.9275498269267498
