Class,F1,Precision,Recall,Average Precision
attack,0.0,0.0,0.0,0.03808341408268734
investigation,0.6977440758293839,0.8464652039924566,0.5934728627172756,0.5360467957626223
mount,0.8599053692655833,0.9800703399765534,0.7659886384460326,0.7532966309588951
other,0.9106398114801476,0.8426674127347235,0.9905401222626325,0.9311913600731649
