Class,F1,Precision,Recall
attack,0.8183582600753511,0.8458815199433561,0.7925696594427245
investigation,0.8698912133891212,0.9216583324467141,0.8236300827179666
mount,0.8023700777681767,0.896551724137931,0.72609472743521
other,0.949692102151446,0.9180286498923773,0.9836177691536908
