Class,F1,Precision,Recall,Average Precision
attack,0.7397446808510639,0.7400385968895448,0.739450998185118,0.7386118752959132
investigation,0.7043889264010804,0.7111305011724928,0.6977739726027398,0.7037720253981516
mount,0.9177223512909306,0.9097861985051278,0.9257981781197488,0.9537996535675229
other,0.8189089937904788,0.8171739246308832,0.8206514466183122,0.8680678145808847
Macro Average,0.7872853195143583,0.7869850988557218,0.7876743829692021,0.7987278514205293
