Class,F1,Precision,Recall,Average Precision
attack,0.0,0.0,0.0,0.018529647435897436
investigation,0.6720251995872483,0.9011069035828722,0.5358101671429809,0.49982444414807375
mount,0.9537100737100738,0.9970204459056817,0.9140058396910615,0.9120086717081536
other,0.8732443211375065,0.7800150462450768,0.9917848300697727,0.8980812487458855
