Class,F1,Precision,Recall,Average Precision
attack,0.7000296471983397,0.5942816873049431,0.8515579919215234,0.821725766944911
investigation,0.8026624496091875,0.9133185840707965,0.7159224917335306,0.8817443462605696
mount,0.9060257007790133,0.9337926491175098,0.8798624043037451,0.9693271972249361
other,0.9346480697445673,0.8861253663565909,0.98879265770424,0.992518138448468
Macro Average,0.8029059325288469,0.8137976401644166,0.815780962652933,0.8909324368101389
