Class,F1,Precision,Recall,Average Precision
attack,0.7037673496364839,0.6555035705491258,0.759703196347032,0.7279929347117732
investigation,0.6300467749876907,0.6352860866327417,0.6248931754364546,0.654290710516079
mount,0.8200761509172724,0.8186592950932965,0.821497919556172,0.8415954223841077
other,0.8639666037811585,0.8666975376995711,0.8612528259608266,0.8966993826972175
Macro Average,0.7179634251804824,0.703149650758388,0.7353647637798861,0.7412930225373199
