Class,F1,Precision,Recall,Average Precision
attack,0.6279650436953809,0.5613839285714286,0.7124645892351275,0.5753739624516203
investigation,0.5752461322081575,0.9129464285714286,0.419917864476386,0.39316414355608503
mount,0.44983388704318944,0.32024597918637654,0.7555803571428571,0.6787754685022515
other,0.8807069952701021,0.7941546197360151,0.9884331694233348,0.9886414829046206
Macro Average,0.5510150209822426,0.5981921121097445,0.6293209369514569,0.5491045248366523
