Class,F1,Precision,Recall
attack,0.8416333454501393,0.80936844558378,0.8765774861181221
investigation,0.8577189359893114,0.9251165959230729,0.799474685264016
mount,0.979971256459652,0.9939213497084729,0.9664073336951933
other,0.9621669988205149,0.9382853153953548,0.9872961287414653
