Class,F1,Precision,Recall,Average Precision
attack,0.0,0.0,0.0,0.03678449119373777
investigation,0.7479147123697488,0.9589753592094142,0.6129997506441692,0.5974987940340485
mount,0.0,0.0,0.0,0.009708292563600783
other,0.921319567087805,0.8660239220193249,0.9841580805882069,0.9485464907401624
