Class,F1,Precision,Recall,Average Precision
attack,0.3964285714285714,0.24776785714285715,0.9910714285714286,0.265425927151521
investigation,0.5089167767503302,0.871606334841629,0.359375,0.32661796054597453
mount,0.7450138079165389,0.7370977534911961,0.7531017369727047,0.5678749286615775
other,0.9073983914000273,0.8367874717143781,0.9910243321422495,0.9632390094516865
