Class,F1,Precision,Recall,Average Precision
attack,0.6278493872626834,0.49773482331621866,0.8500687757909215,0.7636232551714398
investigation,0.798398963240952,0.8723156342182891,0.736030564750977,0.8645186330342975
mount,0.8690984662068263,0.9355493947462326,0.8114613589829056,0.9533185685599375
other,0.9427319158184518,0.9044866373967541,0.9843543161159369,0.9924803859352336
Macro Average,0.7651156055701539,0.76853328409358,0.7991868998416014,0.8604868189218916
