Class,F1,Precision,Recall,Average Precision
attack,0.18757815756565238,0.2338877338877339,0.15657620041753653,0.1453664742993374
investigation,0.5044012282497441,0.4252675181221954,0.6197183098591549,0.6054878405485972
mount,0.26823529411764707,0.6063829787234043,0.17220543806646527,0.22615218131896103
other,0.8990206011482607,0.8799272787372945,0.9189609044618969,0.9742858197948141
Macro Average,0.32007155997768116,0.4218460769111112,0.3161666494477189,0.32566883205563185
