Class,F1,Precision,Recall,Average Precision
attack,0.7231286586125296,0.7148485594681113,0.7316028225806451,0.727934561291789
investigation,0.6470047776552738,0.6555169417897481,0.6387108477445882,0.6794815834532694
mount,0.8033490466474354,0.7890808569454043,0.8181427343078246,0.8150871706917218
other,0.8696808510638298,0.8690329984497372,0.8703296703296703,0.8950143605201321
Macro Average,0.7244941609717462,0.7198154527344212,0.7294854682110193,0.7408344384789268
