Class,F1,Precision,Recall,Average Precision
attack,0.7103963377906276,0.6694289930752639,0.7567047350186065,0.7105070926639374
investigation,0.7197245286162562,0.7067132028139826,0.7332239447776395,0.7506914435673088
mount,0.9449245890527028,0.969233443420824,0.9218052570672839,0.9528545721391741
other,0.8173805677056653,0.8292201908213848,0.8058742780180786,0.8624488413079835
Macro Average,0.7916818184865289,0.7817918797700235,0.8039113122878433,0.8046843694568068
