Class,F1,Precision,Recall,Average Precision
attack,0.5310977357409,0.43889152060634773,0.6723512336719883,0.34664305059247674
investigation,0.49960424252018365,0.48889806878033665,0.5107898144151921,0.3035738230403097
mount,0.45194836973144925,0.8304856115107914,0.31044625598789816,0.26602536183726727
other,0.9145919110542978,0.8875218162673628,0.9433652740513607,0.9221066695076165
