Class,F1,Precision,Recall,Average Precision
attack,0.3696537678207739,0.2529616724738676,0.6862003780718336,0.5654558317788713
investigation,0.7901101440345066,0.9388614314479223,0.6820478723404255,0.8575903571904402
mount,0.05263157894736842,0.028708133971291867,0.3157894736842105,0.37887630912586334
other,0.9544605094914921,0.925306719216833,0.9855111712931618,0.9948532753914424
Macro Average,0.4041318302675496,0.40684374596436057,0.5613459080321567,0.6006408326983916
