Class,F1,Precision,Recall,Average Precision
attack,0.6599626490446776,0.5656242304851022,0.7920689655172414,0.7118969670909183
investigation,0.6288543385737863,0.6739481196475114,0.589416553595658,0.6309274012933902
mount,0.8125128910278445,0.8167242570836213,0.8083447332421341,0.7963862553316182
other,0.858826047516639,0.8482353178038615,0.8696845842622409,0.8929060121641313
Macro Average,0.7004432928821028,0.6854322024054117,0.7299434174516778,0.713070207905309
