Class,F1,Precision,Recall,Average Precision
attack,0.8112379280070237,0.7749820273184759,0.8510526315789474,0.873539451527232
investigation,0.8532275349431105,0.9423793693965952,0.7794858975961338,0.9177100826259456
mount,0.5168334849863513,0.7899860917941586,0.38404327248140635,0.7711726068775016
other,0.942697582286115,0.9041939822609317,0.984626257246451,0.9925843927556092
Macro Average,0.7270996493121618,0.8357824961697432,0.6715272672188292,0.8541407136768931
