Class,F1,Precision,Recall,Average Precision
attack,0.4023275145469659,0.2700892857142857,0.7882736156351792,0.6978148955571027
investigation,0.44564603341134695,0.7808257918552036,0.31180124223602484,0.335726162344232
mount,0.6995947315096251,0.8384942319368549,0.6001738374619731,0.7946870241186645
other,0.8886945460327557,0.8027865555874749,0.9951923076923077,0.9934316473471025
Macro Average,0.5158560931559794,0.6298031031687814,0.566749565111059,0.6094093606733332
