Class,F1,Precision,Recall,Average Precision
attack,0.7906569343065692,0.7419178082191781,0.84625,0.8755840552650422
investigation,0.781750924784217,0.9321420493101108,0.6731460307089187,0.9156139900053482
mount,0.9966587112171839,0.9949964260185847,0.9983265598852499,0.9999152423603268
other,0.9528840376527138,0.9192387576679708,0.9890858063510213,0.9960337815882925
Macro Average,0.85635552343599,0.8896854278492912,0.8392408635313894,0.9303710958769057
