Class,F1,Precision,Recall,Average Precision
attack,0.5868920521945433,0.48731839448411723,0.7376071561684682,0.6373958885919916
investigation,0.5231657946447597,0.6856770510115427,0.42292822966507176,0.5339010609154088
mount,0.6956835570954236,0.6660677263303386,0.7280555975222843,0.6824476723268784
other,0.7794045181283604,0.7165032515250961,0.8544127532891578,0.8588548090047194
Macro Average,0.6019138013115756,0.6130210572753328,0.6295303277852747,0.6179148739447596
