Class,F1,Precision,Recall,Average Precision
attack,0.5540116539668309,0.5929005436520627,0.519910263600673,0.5228363364916261
investigation,0.25595032769920667,0.2853846153846154,0.2320200125078174,0.24455402114774522
mount,0.10298102981029811,0.09743589743589744,0.10919540229885058,0.03952679764352257
other,0.8878730087502805,0.8708736795774648,0.9055491990846682,0.9569333213955143
Macro Average,0.3043143371587786,0.32524035215752517,0.287041892802447,0.26897238509429794
