Class,F1,Precision,Recall,Average Precision
attack,0.2962049837104869,0.1992182873386237,0.577213452299245,0.19637870575026134
investigation,0.5414410662224073,0.6649307170092067,0.45663558564312173,0.3470030420115044
mount,0.5575727837749428,0.8049586776859504,0.4264981859126736,0.3532565975859042
other,0.9170196645658987,0.8929260072768733,0.9424496080131665,0.9184108395027895
