Class,F1,Precision,Recall,Average Precision
attack,0.6592444717444718,0.7475187184398399,0.5896168108776267,0.655374404373252
investigation,0.793311785706741,0.9177847838306816,0.6985694886247372,0.8495359362200676
mount,0.5344921238457361,0.9283018867924528,0.37528604118993136,0.8219163885371494
other,0.9255232714080703,0.8749282824431719,0.9823289834593966,0.9892325165817115
Macro Average,0.6623494604323162,0.864535129687658,0.5544907802307651,0.7756089097101563
