Class,F1,Precision,Recall
attack,0.5748709122203098,0.5138461538461538,0.65234375
investigation,0.6183333333333333,0.6156399087326281,0.6210504289600335
mount,0.5023800805565727,0.687374749498998,0.3958453548759377
other,0.9234412330591792,0.9153707507230582,0.9316552901023891
