Class,F1,Precision,Recall,Average Precision
attack,0.0,0.0,0.0,0.03751192748091603
investigation,0.7284979551369439,0.9232007538576309,0.6016170713609498,0.5748551277071787
mount,0.9139067968318291,0.9804758517113271,0.8558024009935146,0.8415486611659312
other,0.8835216795120338,0.7956194434036176,0.9932597648359592,0.9095315904142993
