Class,F1,Precision,Recall,Average Precision
attack,0.5920415753808529,0.5058331882291486,0.7136715391229579,0.6949160761131232
investigation,0.8101252135550702,0.9155363296429357,0.7264811403083486,0.8721371369511601
mount,0.6612149532710281,0.5339622641509434,0.8680981595092024,0.7326128704094663
other,0.9405722137065677,0.9096784462368178,0.9736381284418208,0.9904917741429371
Macro Average,0.6877939140689837,0.6517772606743425,0.7694169463135031,0.7665553611579167
