Class,F1,Precision,Recall,Average Precision
attack,0.833064701819019,0.8670021567217829,0.8016840239308664,0.8937617749677585
investigation,0.8720305246122405,0.9295356099526544,0.821225942819001,0.9284261012592373
mount,0.5719844357976653,0.8178025034770514,0.4397905759162304,0.8055984868622156
other,0.9517009537741653,0.9239740780105156,0.9811433822060645,0.9933346996605431
Macro Average,0.7590265540763083,0.8714467567171629,0.6875668475553658,0.8759287876964038
