Class,F1,Precision,Recall,Average Precision
attack,0.817367504354317,0.7872034507548527,0.8499353169469599,0.868456405793711
investigation,0.8597008851358227,0.9576155938349955,0.7799520029536644,0.9243212687171358
mount,0.5744360902255639,0.7969401947148818,0.44905956112852663,0.6790521381475972
other,0.9434849319379968,0.9022470113526274,0.9886730224169029,0.9928743437103849
Macro Average,0.7505014932385677,0.8472530797682433,0.6929822936763838,0.823943270886148
