Class,F1,Precision,Recall,Average Precision
attack,0.6221375958310367,0.5404840675605085,0.7328532640774407,0.7238434598926464
investigation,0.8143181595905371,0.9157074076789599,0.7331428795053418,0.8855513917717015
mount,0.7151515151515152,0.779245283018868,0.6608,0.7462641041673383
other,0.9416168122771854,0.9111923807267626,0.9741431505466979,0.9911103318175004
Macro Average,0.717202423524363,0.745145586086112,0.7089320478609276,0.7852196519438954
