Class,F1,Precision,Recall
attack,0.8505945200758229,0.9138484324858059,0.7955302460513592
investigation,0.7580814717477005,0.7428534638166366,0.773946874161524
mount,0.7053161723559038,0.823575535807632,0.6167547465257389
other,0.9394525016843375,0.9216733344929553,0.9579310843547746
