Class,F1,Precision,Recall,Average Precision
attack,0.1557128412537917,0.1203125,0.22063037249283668,0.04314246904903497
investigation,0.498551774076756,0.5984354628422425,0.42724170027924296,0.3101577167275871
mount,0.654988575780655,0.7454923717059639,0.5840804129312687,0.4570666432465265
other,0.883951419635241,0.8436845778087927,0.9282545640675652,0.9020219845127306
