Class,F1,Precision,Recall
attack,0.6697635135135134,0.6591853699085619,0.68068669527897
investigation,0.8469458202011105,0.9173548345145979,0.7865744870651205
mount,0.7663551401869159,0.9039370078740158,0.6651216685979142
other,0.9576517251580527,0.9300459691836214,0.9869464080037941
