Class,F1,Precision,Recall,Average Precision
attack,0.519978850366342,0.3907367465092519,0.7769751693002257,0.6403081434793761
investigation,0.6306350626118068,0.7689916562142117,0.5344729560701967,0.6657081708184412
mount,0.934777990227321,0.9560229445506692,0.9144567295702053,0.9517437881096608
other,0.7483840009032658,0.706598795373381,0.7954218168726749,0.8025990048135543
Macro Average,0.6951306344018233,0.7052504490913775,0.7419682849802092,0.7525867008024928
