Class,F1,Precision,Recall,Average Precision
attack,0.0,0.0,0.0,0.31990159396739265
investigation,0.6937503417354693,0.9239732012816778,0.5553707432373282,0.7794086108648928
mount,0.9719673035454591,0.9956847837254701,0.9493534482758621,0.9933184447888886
other,0.8847224256628096,0.8008131877845053,0.988273793291519,0.9856111883445113
Macro Average,0.5552392150936428,0.6398859950023826,0.5015747305043967,0.697542883207058
