Class,F1,Precision,Recall,Average Precision
attack,0.5354558610709117,0.44385796545105566,0.674690007293946,0.33367819956477723
investigation,0.7632888924477185,0.9090822392472264,0.6577954639554676,0.6261309164123525
mount,0.5898138006571741,0.7277027027027027,0.4958563535911602,0.36876658170845317
other,0.8846056531482687,0.8028968390663189,0.9848292790889519,0.9089467937899018
