Class,F1,Precision,Recall,Average Precision
attack,0.6916419067303966,0.6591972420586063,0.727445652173913,0.6811798731972475
investigation,0.6398410896708285,0.6996400645401514,0.5894593746732197,0.6575200678057644
mount,0.7741361788617886,0.842294402211472,0.7161828652015513,0.7713185958263584
other,0.8464367671560152,0.8131631399867121,0.8825496023074906,0.8939784077891633
Macro Average,0.7018730584210046,0.73371056960341,0.677695964016228,0.7033395122764569
