Class,F1,Precision,Recall,Average Precision
attack,0.7584345479082322,0.684031158714703,0.850999394306481,0.8776554475151148
investigation,0.7681346168422648,0.905144694533762,0.6671494404213298,0.8450960855895531
mount,0.8005427408412482,0.8885542168674698,0.7283950617283951,0.7556363902563461
other,0.9589744504074027,0.9312948020916301,0.9883498713708195,0.9966941936491919
Macro Average,0.7757039685305817,0.8259100233719782,0.748847965485402,0.8261293077870047
