Class,F1,Precision,Recall,Average Precision
attack,0.0,0.0,0.0,0.0060855263157894735
investigation,0.7552116234996842,0.7525967894239849,0.7578446909667195,0.6349896391983019
mount,0.8128925391676444,0.9247801507537688,0.7251570003694127,0.6837412825779166
other,0.9439053739215034,0.905447222358662,0.9857754010695187,0.9453362391187689
