Class,F1,Precision,Recall,Average Precision
attack,0.53736932438758,0.42487046632124353,0.730899830220713,0.3709388711029772
investigation,0.5521593374087952,0.5415162454873647,0.5632291806356443,0.35106947595652327
mount,0.5782157676348547,0.7288179916317992,0.47919532324621733,0.36268160011916806
other,0.919663744569269,0.9332672440780548,0.9064511224851771,0.8956735165950911
