Class,F1,Precision,Recall,Average Precision
attack,0.6417453272488591,0.5167623074599819,0.8464709762532981,0.7697146456326676
investigation,0.7798023087928814,0.8802507374631269,0.6999308055871556,0.857990926299167
mount,0.8754311219314261,0.9475446734923554,0.8135177809723564,0.9641358520960015
other,0.9288837306412193,0.8761569917634929,0.9883629758373299,0.9904072275097555
Macro Average,0.7656595859910555,0.7815192394718213,0.7866398542709367,0.863947141342612
