Class,F1,Precision,Recall,Average Precision
attack,0.8353181763502947,0.8320153366882339,0.8386473429951691,0.8734838985631457
investigation,0.8677726469414515,0.9583459252543568,0.7928412192428693,0.9238171461075827
mount,0.678513731825525,0.8762169680111266,0.5536028119507909,0.851452556601329
other,0.945632296053696,0.9070533018557361,0.9876387694072345,0.9928325612298763
Macro Average,0.7938681850390905,0.8888594099845725,0.7283637913962764,0.8829178670906859
