Class,F1,Precision,Recall,Average Precision
attack,0.15126050420168066,0.10291060291060292,0.28530259365994237,0.1959612486708296
investigation,0.277861284088469,0.35608145294441385,0.2278169014084507,0.2251978115377676
mount,0.3138321995464852,0.5864406779661017,0.21424148606811144,0.24457517247206004
other,0.9036604749365407,0.8739503510301473,0.9354616895874264,0.9750084184266806
Macro Average,0.2476513292788783,0.3484775779403728,0.24245366037883484,0.2219114108935524
