Class,F1,Precision,Recall,Average Precision
attack,0.6466392318244171,0.5803989165230239,0.7299473521213998,0.6759270839547109
investigation,0.5406000146702854,0.6860493980389724,0.446035908815816,0.5406202872868965
mount,0.7491395019234663,0.7671043538355218,0.7319968346082828,0.7077313854475562
other,0.7795111462173073,0.7152751213030261,0.8564231130824675,0.8593923318347725
Macro Average,0.6454595828060562,0.6778508894658394,0.6359933651818329,0.6414262522297213
