Class,F1,Precision,Recall,Average Precision
attack,0.37335239002699694,0.2924129353233831,0.5162494510320598,0.22018747605811112
investigation,0.5627013041871272,0.8324480549914076,0.42498803636943694,0.37988297595259835
mount,0.8674876122258746,0.9612917255626835,0.7903629536921152,0.764101532684547
other,0.839641913644288,0.752862650325105,0.9490328820116054,0.8712890159371168
