Class,F1,Precision,Recall
attack,0.6162123385939742,0.6907921190188983,0.5561670443509227
investigation,0.6748381128584644,0.6551414458913336,0.6957558416785885
mount,0.8585788077621109,0.8828596037898363,0.8355978260869565
other,0.8307068317208163,0.8122108393919365,0.8500648508430609
