Class,F1,Precision,Recall,Average Precision
attack,0.0,0.0,0.0,0.014471726190476191
investigation,0.871932439145554,0.9781542576905929,0.7865208818784728,0.7766304160386548
mount,0.0,0.0,0.0,0.01168154761904762
other,0.9430558508215143,0.9024120895088638,0.98753339269813,0.9536248699835445
