Class,F1,Precision,Recall
attack,0.40579710144927533,0.3783783783783784,0.4375
investigation,0.8482812909997376,0.8479697828139755,0.8485930281394373
mount,0.8866130212143379,0.9516331658291457,0.8299096138044372
other,0.9643655357725823,0.9431209784370549,0.986589250847806
