Class,F1,Precision,Recall,Average Precision
attack,0.6457042886188472,0.594462824307853,0.7066128531511953,0.7020782298545274
investigation,0.8210515671260273,0.8929540288877483,0.7598656503790282,0.8792165130610723
mount,0.5749778172138421,0.6113207547169811,0.542713567839196,0.6784166734406821
other,0.9453193541479942,0.9233149613002809,0.9683981675595932,0.9910845793338707
Macro Average,0.6805778909862389,0.6995792026375275,0.6697306904564732,0.7532371387854272
