Class,F1,Precision,Recall,Average Precision
attack,0.4797024610271426,0.3440799182654104,0.7917972831765935,0.6330572172767069
investigation,0.6118610647656605,0.7699732780716584,0.5076220608326741,0.6737932807635856
mount,0.8991036340354132,0.8848426907700331,0.9138317924782335,0.9272760111803144
other,0.7469998448803463,0.7058792175257182,0.7932077505914767,0.8183688484909938
Macro Average,0.6635557199427388,0.6662986290357006,0.7377503788291669,0.7447088364068689
