Class,F1,Precision,Recall,Average Precision
attack,0.5312208760484622,0.39121482498284144,0.8272859216255443,0.37886315050564146
investigation,0.7038446897601826,0.8165758869424408,0.6184635968335377,0.5438048306438864
mount,0.5302865433442148,0.7428861788617886,0.41229554427523973,0.31416341244439017
other,0.918952829050549,0.8883239259224704,0.9517692922830868,0.9199938765244386
