Class,F1,Precision,Recall,Average Precision
attack,0.8065021071643588,0.8025401389887371,0.8105033881897387,0.8715492429874749
investigation,0.8382749620504756,0.9665558577616601,0.7400551474132778,0.9082188335380527
mount,0.6779475982532751,0.8636995827538247,0.5579514824797843,0.8454402045282821
other,0.9295065256930425,0.8748389281313782,0.9914617377122573,0.991931162197776
Macro Average,0.774241555822703,0.8775985265014073,0.702836672694267,0.8750694270179364
