Class,F1,Precision,Recall,Average Precision
attack,0.6137794789480181,0.5004530353367562,0.7934557063048683,0.7462514998661822
investigation,0.7656806261797745,0.9183480825958702,0.6565370055990806,0.8551229148673448
mount,0.8939741077097192,0.8889681864346298,0.8990367265358243,0.9580619895472159
other,0.9131172614486351,0.8523973911935405,0.9831512843638307,0.9883466104382714
Macro Average,0.7578114042791707,0.7692564347890855,0.7830098128132578,0.8531454680935809
