Class,F1,Precision,Recall,Average Precision
attack,0.0,0.0,0.0,0.43121283434558755
investigation,0.49063150589868143,0.8997772828507795,0.3372689326177698,0.646852708324771
mount,0.9540904034786126,0.9554430379746836,0.9527415934565283,0.9909590676132798
other,0.8964502318943989,0.8142087569362875,0.9971724787935909,0.9937149328280863
Macro Average,0.48157396979243133,0.6184067736084877,0.43000350869143267,0.6896748700945462
