Class,F1,Precision,Recall,Average Precision
attack,0.6268172888015718,0.5555458819432353,0.7190669371196755,0.7151954676561307
investigation,0.8149109470026065,0.9169416135102769,0.73331313644626,0.85829461601333
mount,0.5525641025641026,0.8132075471698114,0.4184466019417476,0.7039491680605487
other,0.9422992179087779,0.9102447835888021,0.9766936614543823,0.990674953983443
Macro Average,0.6647641127894269,0.7618983475411079,0.6236088918358943,0.7591464172433365
