Class,F1,Precision,Recall,Average Precision
attack,0.0,0.0,0.0,0.03569578729281768
investigation,0.7696942803092228,0.9595294939730973,0.6425674621743878,0.6265618563173219
mount,0.0,0.0,0.0,0.012042472375690607
other,0.9288813756420057,0.8800522310407443,0.9834473324213406,0.9500700788611397
