Class,F1,Precision,Recall,Average Precision
attack,0.6286399280755207,0.5478843809855476,0.7373169302870534,0.7225624475831695
investigation,0.8121575596031394,0.9382774885744312,0.7159254079254079,0.8785645588956609
mount,0.6914893617021276,0.6132075471698113,0.7926829268292683,0.7038251309561621
other,0.9379171340369791,0.8991290249743668,0.9802027343308637,0.9907645003030268
Macro Average,0.7107622831269292,0.6997898055765966,0.7486417550139098,0.7683173791449974
