Class,F1,Precision,Recall,Average Precision
attack,0.2960325534079349,0.22384615384615383,0.4369369369369369,0.13038025817855362
investigation,0.48971377459749554,0.4542626011200996,0.5311666262430269,0.32622585847195673
mount,0.3633699633699634,0.4969939879759519,0.2863741339491917,0.15853231792589054
other,0.9176602086438153,0.9291612524625896,0.9064404007360458,0.896787665799191
