Class,F1,Precision,Recall,Average Precision
attack,0.8401320443291675,0.8538221902707884,0.8268739846832212,0.880122482265819
investigation,0.8562447050430285,0.9672106376548806,0.76812,0.9153405631420158
mount,0.6730564430244942,0.8789986091794159,0.545297670405522,0.8233207619940978
other,0.9387223075779352,0.8907438933774772,0.992163518454495,0.9934138510482279
Macro Average,0.7898110641322301,0.9000104790350284,0.7134305516962477,0.8729279358006442
