Class,F1,Precision,Recall,Average Precision
attack,0.5209621993127147,0.42299107142857145,0.6779964221824687,0.30390110465387
investigation,0.5362361363769731,0.927150974025974,0.3771980516800132,0.3616038100836205
mount,0.39228723404255317,0.27909176915799433,0.6599552572706935,0.2346382921812039
other,0.8499177631578948,0.7425235743152223,0.9936305732484076,0.9276113917464435
