Class,F1,Precision,Recall,Average Precision
attack,0.08742386241490505,0.04905508644953759,0.40131578947368424,0.124667049496196
investigation,0.4913853480879675,0.3938033228558599,0.6532588454376164,0.37710635629104317
mount,0.8262959594647266,0.9130060292850991,0.7546274323682961,0.7024293245934604
other,0.808414451857523,0.9159781890284203,0.7234584013050571,0.7078159372875297
