Class,F1,Precision,Recall,Average Precision
attack,0.0899100899100899,0.09355509355509356,0.08653846153846154,0.0617378461488092
investigation,0.4851553509781358,0.36382464618570937,0.7279005524861878,0.37820168458871695
mount,0.23850931677018633,0.7659574468085106,0.14124570868072583,0.1136015882205191
other,0.9036631578947367,0.8926877963563763,0.9149117571830505,0.8960858753409073
