Class,F1,Precision,Recall,Average Precision
attack,0.06560846560846562,0.03499435574907273,0.5241545893719807,0.08896178751542425
investigation,0.5410306647833417,0.5921603830041892,0.49802868886838353,0.34316861821082023
mount,0.7369597177300794,0.932163046712288,0.6093552465233881,0.5733998630689359
other,0.9111173883216981,0.913557868159969,0.9086899127467079,0.8931718806855984
