Class,F1,Precision,Recall,Average Precision
attack,0.7103538663171691,0.5634095634095634,0.9609929078014184,0.8442380289553428
investigation,0.8223248343706083,0.8609865470852018,0.7869860381708723,0.9085960711930784
mount,0.8603566529492456,0.9610787618755746,0.7787434814998758,0.9712310423055787
other,0.9613296285910934,0.936571797546317,0.9874319229157938,0.9964579202975915
Macro Average,0.797678451212341,0.7951582907901132,0.8422408091573889,0.9080217141513333
