Class,F1,Precision,Recall,Average Precision
attack,0.71328754144955,0.6063626296184436,0.8659956865564342,0.8268946566995626
investigation,0.8145455519182749,0.8973156342182891,0.745755647899582,0.888164906684674
mount,0.8907898189451589,0.9318437594356455,0.8532006333408731,0.9613076583037047
other,0.9434154856205814,0.9047299097575385,0.9855571750364384,0.9927815330416596
Macro Average,0.8062076374376611,0.8118406744241261,0.8216506559322965,0.8921224072293138
