Class,F1,Precision,Recall
attack,0.8250618301731245,0.8586135895676047,0.7940336401142495
investigation,0.7963633877913733,0.857500368025909,0.7433639612046963
mount,0.8289156626506025,0.8739837398373984,0.7882676443629697
other,0.938703690312628,0.9083360544852358,0.9711720698254364
