Class,F1,Precision,Recall,Average Precision
attack,0.0,0.0,0.0,0.013693820224719102
investigation,0.8590892353013379,0.9723534315087524,0.7694591029023746,0.7569203985509725
mount,0.0,0.0,0.0,0.0049157303370786515
other,0.9347660311958407,0.8893285846194433,0.9850964348334308,0.9497225922613781
