Class,F1,Precision,Recall,Average Precision
attack,0.5881443298969072,0.504420866489832,0.7051915945611866,0.653122965008547
investigation,0.5004323015735778,0.553769613471106,0.4564668769716088,0.5487804588105587
mount,0.40689089417555374,0.5548098434004475,0.32124352331606215,0.29502640337758074
other,0.9344198378041174,0.9301043970970622,0.9387755102040817,0.9853091955077189
Macro Average,0.49848917521534625,0.5376667744537951,0.4943006649496193,0.4989766090655621
