Class,F1,Precision,Recall,Average Precision
attack,0.7548965769723596,0.7597641857037583,0.7500909421607858,0.8026048766448753
investigation,0.3348214285714286,0.3590664272890485,0.31364349189754315,0.2449842557038157
mount,0.459300311742293,0.5671514114627887,0.3859138533178114,0.40828695911149926
other,0.9160166406656266,0.8999105964494019,0.9327097030401976,0.9677986378905259
Macro Average,0.5163394390953604,0.5619940081518652,0.48321609579204683,0.4852920304867301
