Class,F1,Precision,Recall,Average Precision
attack,0.6251628028132326,0.6033182503770739,0.6486486486486487,0.6037255229734041
investigation,0.47305389221556887,0.46998377501352084,0.4761643835616438,0.40602573344076764
mount,0.931139021221308,0.947136563876652,0.9156729131175468,0.9414331369552535
other,0.9420714684533782,0.9430807210396386,0.9410643736927725,0.9806796274314626
Macro Average,0.6764519054167032,0.673479529755749,0.6801619817759464,0.6503947977898085
