Class,F1,Precision,Recall
attack,0.5286624203821656,0.7477477477477478,0.4088669950738916
investigation,0.8319947549582036,0.7988668555240793,0.8679890560875513
mount,0.8754132958142806,0.977072864321608,0.7929144896138651
other,0.9655397598834581,0.9441033449580039,0.9879722436391674
