Class,F1,Precision,Recall,Average Precision
attack,0.35826296743063935,0.4640625,0.2917485265225933,0.3588658170152124
investigation,0.21608861449064828,0.35374554102259215,0.15555555555555556,0.1431946539688738
mount,0.3588621444201313,0.4087736789631107,0.31981279251170047,0.2283943584404387
other,0.8667123354699809,0.8111462197188258,0.9304512265588065,0.9609884106893212
Macro Average,0.3110712421138063,0.40886057332856757,0.25570562486328313,0.24348494314150834
