Class,F1,Precision,Recall,Average Precision
attack,0.8124167332800427,0.8002624671916011,0.8249458874458875,0.8828039974378303
investigation,0.6828522271076276,0.8320521779641277,0.5790241530231804,0.6805801965980788
mount,0.8406402226861517,0.7743589743589744,0.9193302891933028,0.9245226201539216
other,0.9524325333831357,0.9241446796172804,0.9825068392864024,0.9948483752512465
Macro Average,0.7786363943579406,0.8022245398382344,0.7744334432207903,0.8293022713966103
