Class,F1,Precision,Recall
attack,0.5041446872645063,0.3418497700562085,0.9598278335724534
investigation,0.7916211654919091,0.8931451612903226,0.7108218933856303
mount,0.9472502805836139,0.9776505859907332,0.9186835702394672
other,0.9545234545912145,0.9275689505963803,0.983091402137502
