Class,F1,Precision,Recall,Average Precision
attack,0.0,0.0,0.0,0.03576164667896679
investigation,0.7875860835345676,0.9685970411923225,0.6635771071172902,0.6509693345493881
mount,0.0,0.0,0.0,0.01203586254612546
other,0.931299056354176,0.8822607932827872,0.9861094899031166,0.9512586236669367
