Class,F1,Precision,Recall
attack,0.6075624082232011,0.6654603940490551,0.5589327929753461
investigation,0.6890718896060538,0.6951055231252806,0.6831421006178288
mount,0.8827187274041938,0.8762561010623026,0.8892773892773893
other,0.8313156451680939,0.8141110376734964,0.8492631216064811
