Class,F1,Precision,Recall,Average Precision
attack,0.7354076765841471,0.7351572255647633,0.7356582983073952,0.7299539729176445
investigation,0.6817000082099559,0.6792277908054752,0.6841902878488244,0.7221941718069729
mount,0.8652262906527177,0.8266122023292195,0.9076247733562363,0.9310440290564146
other,0.8270043301404016,0.8398539523479559,0.8145419768403639,0.8727976463060374
Macro Average,0.7607779918156069,0.7469990728998193,0.7758244531708186,0.794397391260344
