Class,F1,Precision,Recall,Average Precision
attack,0.27531767423950715,0.16875147510030683,0.7471264367816092,0.16013267962996636
investigation,0.7314330339711052,0.8304074901585276,0.6535391314056046,0.588940640078437
mount,0.5194267759981609,0.9356709000552181,0.3594993104911425,0.3386259054214281
other,0.9045272114304063,0.8363466334164589,0.9848108788366077,0.9302432785371981
