Class,F1,Precision,Recall,Average Precision
attack,0.12052401746724893,0.07172557172557173,0.3770491803278688,0.06263877466032765
investigation,0.24229429107477884,0.24876169510181617,0.2361546499477534,0.11315471317003631
mount,0.2364714603409933,0.5406779661016949,0.1513282732447818,0.09262184003248648
other,0.9067649406131167,0.8893135043049865,0.9249150026337212,0.918362106258083
