Class,F1,Precision,Recall,Average Precision
attack,0.17857142857142858,0.171875,0.1858108108108108,0.18794785512172377
investigation,0.45738810545677494,0.4863102998696219,0.43171296296296297,0.4734649547514448
mount,0.6251728907330567,0.7836338418862691,0.5200184077312471,0.6764503477105254
other,0.8884285886658891,0.854143304589923,0.9255813953488372,0.9646243588259698
Macro Average,0.4203774749204201,0.4806063805852969,0.3791807271683403,0.4459543858612313
