Class,F1,Precision,Recall,Average Precision
attack,0.6592444717444718,0.7475187184398399,0.5896168108776267,0.655374484089213
investigation,0.7933075960263851,0.9177847838306816,0.6985629912105288,0.8495359421462024
mount,0.5344921238457361,0.9283018867924528,0.37528604118993136,0.8219163856717909
other,0.9255211677917522,0.8749245808918518,0.9823289100195746,0.989232516822249
Macro Average,0.6623480638721976,0.864535129687658,0.5544886144260289,0.7756089373024021
