Class,F1,Precision,Recall,Average Precision
attack,0.2926829268292683,0.2013986013986014,0.5353159851301115,0.1412271528838036
investigation,0.6962068965517241,0.8463634458184867,0.5913018011421878,0.5290532961006704
mount,0.9164118537993312,0.9946033124495999,0.8496184824077999,0.8458819056103384
other,0.9155308723749352,0.8552028302635127,0.9850162628366773,0.9314082807273972
