Class,F1,Precision,Recall,Average Precision
attack,0.7407650632080119,0.7683051424679306,0.7151310228233305,0.7202947734630764
investigation,0.7063684727028563,0.7458144734689426,0.6708854549914153,0.7369189054955148
mount,0.9037437899219304,0.885364157830697,0.92290269976445,0.9407001755316147
other,0.8111359859358046,0.7869783060604445,0.8368237594581573,0.8464964242513359
Macro Average,0.7836257752775996,0.79982792458919,0.769639725859732,0.7993046181634019
