Class,F1,Precision,Recall
attack,0.8250795093139482,0.9347975291695264,0.7384114936297099
investigation,0.7835460992907802,0.81319004857942,0.7559874093335158
mount,0.8374539715938979,0.8089430894308943,0.8680479825517994
other,0.9398828387592434,0.9130941829547045,0.9682908731140243
