Class,F1,Precision,Recall,Average Precision
attack,0.0,0.0,0.0,0.07167458927895448
investigation,0.8614007113945787,0.9723106742350823,0.7732026863371133,0.8355462888984064
mount,0.0,0.0,0.0,0.08998131313493458
other,0.9363070539419087,0.8920147582026617,0.9852277688837141,0.9869002072620667
Macro Average,0.2871335704648596,0.3241035580783608,0.2577342287790378,0.33240073043743185
