Class,F1,Precision,Recall,Average Precision
attack,0.7102922490470139,0.6190476190476191,0.8330849478390462,0.8081991169940859
investigation,0.8066885831405495,0.8794690265486725,0.7450333608216508,0.8795058062386003
mount,0.8803468945287591,0.9473799785896626,0.8221729912575335,0.9628811518486623
other,0.9414110076288698,0.8998876313381138,0.9869517711033186,0.9924149397887767
Macro Average,0.7991092422387741,0.8152988747286513,0.8000970999727435,0.8835286916937828
