Class,Mean F1,Mean Precision,Mean Recall,Mean Average Precision,Std F1,Std Precision,Std Recall,Std Average Precision
attack,0.1547692938684374,0.11282287727537513,0.29685245182001146,0.10075287651193586,0.190636769962322,0.14354593610866823,0.331996912237664,0.11968974414177366
investigation,0.570398195268224,0.7022654844122899,0.5247969886356298,0.4291890163197058,0.20305752820455997,0.26910991989264116,0.20799156046603484,0.20753560300932786
mount,0.4687466775399048,0.5689160971730174,0.4402117881079934,0.3544578984967356,0.34145496596418196,0.3551373315846503,0.34450596574874426,0.3281492007381842
other,0.895190596911782,0.8546537998183638,0.9468237693797643,0.9111293684557463,0.03850634949532823,0.05860140976508681,0.07001966625029298,0.06025470693086268
