Class,F1,Precision,Recall,Average Precision
attack,0.6812926957435629,0.6385126816055159,0.7302168403266686,0.6993219418076642
investigation,0.6245729697332933,0.6467047288072484,0.6039058878071395,0.6593460887447837
mount,0.8003290150113099,0.8069108500345542,0.7938536850693501,0.7897530386392657
other,0.8590787832067108,0.8525841067869294,0.865673167341265,0.8886244360208331
Macro Average,0.7020648934960554,0.6973760868157729,0.7093254710677194,0.7161403563972378
