Class,F1,Precision,Recall
attack,0.6308668076109937,0.5738461538461539,0.7004694835680751
investigation,0.6128962691395298,0.5895042522298278,0.6382214237592634
mount,0.48321652526742903,0.656312625250501,0.38237011091652073
other,0.9286584597285827,0.9264786016682734,0.9308485997052011
