Class,F1,Precision,Recall
attack,0.5574636723910174,0.5424164524421594,0.5733695652173914
investigation,0.9029039542088957,0.9582032991529202,0.8536391619501539
mount,0.6602254428341384,0.6528662420382165,0.6677524429967426
other,0.9585170521011428,0.9286835222319093,0.9903309780587579
