Class,F1,Precision,Recall
attack,0.6689419795221843,0.7557840616966581,0.6
investigation,0.9058723765104939,0.9525189478377173,0.8635812449474535
mount,0.7075606276747504,0.7898089171974523,0.6408268733850129
other,0.9587536023054755,0.9281604184829991,0.9914322965170422
