Class,F1,Precision,Recall,Average Precision
attack,0.5355652373308873,0.4623119556611243,0.6364032697547684,0.5763868273966412
investigation,0.7680035358359828,0.8790306788511749,0.6818780222284109,0.8227261508490401
mount,0.8353986811506482,0.8233594976452119,0.8477951635846372,0.8596282177482251
other,0.9289023848417733,0.8892591479209707,0.9722451434245675,0.9831303127516084
Macro Average,0.7129891514391727,0.721567377385837,0.7220254851892722,0.7529137319979687
