Class,F1,Precision,Recall,Average Precision
attack,0.5837732820881023,0.5471892319873317,0.625599710328596,0.5787108012762194
investigation,0.7571606296607915,0.8590894255874674,0.6768536494426516,0.8021824961054016
mount,0.8286753150710259,0.8443642072213501,0.8135588092933205,0.8640501323143464
other,0.9240791443561767,0.8764351090842805,0.9772009270814762,0.9823104114102886
Macro Average,0.7232030756066399,0.750214288265383,0.7053373896881894,0.7483144765653225
