Class,F1,Precision,Recall,Average Precision
attack,0.498208413095764,0.4018210609659541,0.6554307116104869,0.569927560127911
investigation,0.771305671922475,0.8968505221932115,0.6765933348927108,0.8191518502909593
mount,0.8459553461236397,0.8285714285714286,0.8640843456337383,0.8708761947645111
other,0.9288856329509837,0.888031110286734,0.9736805195169502,0.983198677753643
Macro Average,0.7051564770472929,0.7090810039101981,0.732036130712312,0.7533185350611271
