Class,F1,Precision,Recall,Average Precision
attack,0.5215987847716699,0.4349960411718131,0.6512565196775723,0.5818998792737825
investigation,0.7680853616366626,0.8880548302872062,0.6766720962908621,0.8313431809548777
mount,0.8413132913925307,0.825054945054945,0.8582252849537869,0.8708445411215959
other,0.9276396767633522,0.8869437852980869,0.9722496827433411,0.982415619296206
Macro Average,0.7103324792669543,0.7160352721713216,0.7287179669740738,0.7613625337834188
