Class,F1,Precision,Recall,Average Precision
attack,0.5330025278531972,0.45075217735550277,0.651969766376546,0.5677572236462434
investigation,0.7696139476961394,0.8723400783289817,0.6885328249977459,0.8154668966135361
mount,0.842719408205271,0.854850863422292,0.8309274575029756,0.8653224052588806
other,0.9292386641542717,0.8894830089480451,0.9727143646524771,0.9826852696291581
Macro Average,0.715111961251536,0.7259810397022589,0.7238100162924225,0.74951550850622
